Source Name,ArrayExpress_Accession,Cell Type,Dir
2i_1,ERR523111,2i,/home/s2321661/Test/align/ERR523111/ERR523111_Aligned.sortedByCoord.out.bam
2i_10,ERR522883,2i,/home/s2321661/Test/align/ERR522883/ERR522883_Aligned.sortedByCoord.out.bam
2i_11,ERR522830,2i,/home/s2321661/Test/align/ERR522830/ERR522830_Aligned.sortedByCoord.out.bam
2i_12,ERR523005,2i,/home/s2321661/Test/align/ERR523005/ERR523005_Aligned.sortedByCoord.out.bam
2i_13,ERR523046,2i,/home/s2321661/Test/align/ERR523046/ERR523046_Aligned.sortedByCoord.out.bam
2i_14,ERR522906,2i,/home/s2321661/Test/align/ERR522906/ERR522906_Aligned.sortedByCoord.out.bam
2i_15,ERR523158,2i,/home/s2321661/Test/align/ERR523158/ERR523158_Aligned.sortedByCoord.out.bam
2i_16,ERR522948,2i,/home/s2321661/Test/align/ERR522948/ERR522948_Aligned.sortedByCoord.out.bam
2i_17,ERR523169,2i,/home/s2321661/Test/align/ERR523169/ERR523169_Aligned.sortedByCoord.out.bam
2i_18,ERR523160,2i,/home/s2321661/Test/align/ERR523160/ERR523160_Aligned.sortedByCoord.out.bam
2i_19,ERR522929,2i,/home/s2321661/Test/align/ERR522929/ERR522929_Aligned.sortedByCoord.out.bam
2i_2,ERR522959,2i,/home/s2321661/Test/align/ERR522959/ERR522959_Aligned.sortedByCoord.out.bam
2i_20,ERR522892,2i,/home/s2321661/Test/align/ERR522892/ERR522892_Aligned.sortedByCoord.out.bam
2i_21,ERR523126,2i,/home/s2321661/Test/align/ERR523126/ERR523126_Aligned.sortedByCoord.out.bam
2i_22,ERR522829,2i,/home/s2321661/Test/align/ERR522829/ERR522829_Aligned.sortedByCoord.out.bam
2i_23,ERR523084,2i,/home/s2321661/Test/align/ERR523084/ERR523084_Aligned.sortedByCoord.out.bam
2i_24,ERR522868,2i,/home/s2321661/Test/align/ERR522868/ERR522868_Aligned.sortedByCoord.out.bam
2i_25,ERR522885,2i,/home/s2321661/Test/align/ERR522885/ERR522885_Aligned.sortedByCoord.out.bam
2i_26,ERR523199,2i,/home/s2321661/Test/align/ERR523199/ERR523199_Aligned.sortedByCoord.out.bam
2i_27,ERR522819,2i,/home/s2321661/Test/align/ERR522819/ERR522819_Aligned.sortedByCoord.out.bam
2i_28,ERR522878,2i,/home/s2321661/Test/align/ERR522878/ERR522878_Aligned.sortedByCoord.out.bam
2i_29,ERR523031,2i,/home/s2321661/Test/align/ERR523031/ERR523031_Aligned.sortedByCoord.out.bam
2i_3,ERR522934,2i,/home/s2321661/Test/align/ERR522934/ERR522934_Aligned.sortedByCoord.out.bam
2i_3_1,ERR1211176,2i,/home/s2321661/Test/align/ERR1211176/ERR1211176_Aligned.sortedByCoord.out.bam
2i_3_10,ERR1211185,2i,/home/s2321661/Test/align/ERR1211185/ERR1211185_Aligned.sortedByCoord.out.bam
2i_3_11,ERR1211186,2i,/home/s2321661/Test/align/ERR1211186/ERR1211186_Aligned.sortedByCoord.out.bam
2i_3_12,ERR1211187,2i,/home/s2321661/Test/align/ERR1211187/ERR1211187_Aligned.sortedByCoord.out.bam
2i_3_13,ERR1211188,2i,/home/s2321661/Test/align/ERR1211188/ERR1211188_Aligned.sortedByCoord.out.bam
2i_3_14,ERR1211189,2i,/home/s2321661/Test/align/ERR1211189/ERR1211189_Aligned.sortedByCoord.out.bam
2i_3_15,ERR1211190,2i,/home/s2321661/Test/align/ERR1211190/ERR1211190_Aligned.sortedByCoord.out.bam
2i_3_16,ERR1211191,2i,/home/s2321661/Test/align/ERR1211191/ERR1211191_Aligned.sortedByCoord.out.bam
2i_3_17,ERR1211192,2i,/home/s2321661/Test/align/ERR1211192/ERR1211192_Aligned.sortedByCoord.out.bam
2i_3_18,ERR1211193,2i,/home/s2321661/Test/align/ERR1211193/ERR1211193_Aligned.sortedByCoord.out.bam
2i_3_19,ERR1211194,2i,/home/s2321661/Test/align/ERR1211194/ERR1211194_Aligned.sortedByCoord.out.bam
2i_3_2,ERR1211177,2i,/home/s2321661/Test/align/ERR1211177/ERR1211177_Aligned.sortedByCoord.out.bam
2i_3_20,ERR1211195,2i,/home/s2321661/Test/align/ERR1211195/ERR1211195_Aligned.sortedByCoord.out.bam
2i_3_21,ERR1211196,2i,/home/s2321661/Test/align/ERR1211196/ERR1211196_Aligned.sortedByCoord.out.bam
2i_3_22,ERR1211197,2i,/home/s2321661/Test/align/ERR1211197/ERR1211197_Aligned.sortedByCoord.out.bam
2i_3_23,ERR1211198,2i,/home/s2321661/Test/align/ERR1211198/ERR1211198_Aligned.sortedByCoord.out.bam
2i_3_24,ERR1211199,2i,/home/s2321661/Test/align/ERR1211199/ERR1211199_Aligned.sortedByCoord.out.bam
2i_3_25,ERR1211200,2i,/home/s2321661/Test/align/ERR1211200/ERR1211200_Aligned.sortedByCoord.out.bam
2i_3_26,ERR1211201,2i,/home/s2321661/Test/align/ERR1211201/ERR1211201_Aligned.sortedByCoord.out.bam
2i_3_27,ERR1211202,2i,/home/s2321661/Test/align/ERR1211202/ERR1211202_Aligned.sortedByCoord.out.bam
2i_3_28,ERR1211203,2i,/home/s2321661/Test/align/ERR1211203/ERR1211203_Aligned.sortedByCoord.out.bam
2i_3_29,ERR1211204,2i,/home/s2321661/Test/align/ERR1211204/ERR1211204_Aligned.sortedByCoord.out.bam
2i_3_3,ERR1211178,2i,/home/s2321661/Test/align/ERR1211178/ERR1211178_Aligned.sortedByCoord.out.bam
2i_3_30,ERR1211205,2i,/home/s2321661/Test/align/ERR1211205/ERR1211205_Aligned.sortedByCoord.out.bam
2i_3_31,ERR1211206,2i,/home/s2321661/Test/align/ERR1211206/ERR1211206_Aligned.sortedByCoord.out.bam
2i_3_32,ERR1211207,2i,/home/s2321661/Test/align/ERR1211207/ERR1211207_Aligned.sortedByCoord.out.bam
2i_3_33,ERR1211208,2i,/home/s2321661/Test/align/ERR1211208/ERR1211208_Aligned.sortedByCoord.out.bam
2i_3_34,ERR1211209,2i,/home/s2321661/Test/align/ERR1211209/ERR1211209_Aligned.sortedByCoord.out.bam
2i_3_35,ERR1211210,2i,/home/s2321661/Test/align/ERR1211210/ERR1211210_Aligned.sortedByCoord.out.bam
2i_3_36,ERR1211211,2i,/home/s2321661/Test/align/ERR1211211/ERR1211211_Aligned.sortedByCoord.out.bam
2i_3_37,ERR1211212,2i,/home/s2321661/Test/align/ERR1211212/ERR1211212_Aligned.sortedByCoord.out.bam
2i_3_38,ERR1211213,2i,/home/s2321661/Test/align/ERR1211213/ERR1211213_Aligned.sortedByCoord.out.bam
2i_3_39,ERR1211214,2i,/home/s2321661/Test/align/ERR1211214/ERR1211214_Aligned.sortedByCoord.out.bam
2i_3_4,ERR1211179,2i,/home/s2321661/Test/align/ERR1211179/ERR1211179_Aligned.sortedByCoord.out.bam
2i_3_40,ERR1211215,2i,/home/s2321661/Test/align/ERR1211215/ERR1211215_Aligned.sortedByCoord.out.bam
2i_3_41,ERR1211216,2i,/home/s2321661/Test/align/ERR1211216/ERR1211216_Aligned.sortedByCoord.out.bam
2i_3_42,ERR1211217,2i,/home/s2321661/Test/align/ERR1211217/ERR1211217_Aligned.sortedByCoord.out.bam
2i_3_43,ERR1211218,2i,/home/s2321661/Test/align/ERR1211218/ERR1211218_Aligned.sortedByCoord.out.bam
2i_3_44,ERR1211219,2i,/home/s2321661/Test/align/ERR1211219/ERR1211219_Aligned.sortedByCoord.out.bam
2i_3_45,ERR1211220,2i,/home/s2321661/Test/align/ERR1211220/ERR1211220_Aligned.sortedByCoord.out.bam
2i_3_46,ERR1211221,2i,/home/s2321661/Test/align/ERR1211221/ERR1211221_Aligned.sortedByCoord.out.bam
2i_3_47,ERR1211222,2i,/home/s2321661/Test/align/ERR1211222/ERR1211222_Aligned.sortedByCoord.out.bam
2i_3_48,ERR1211223,2i,/home/s2321661/Test/align/ERR1211223/ERR1211223_Aligned.sortedByCoord.out.bam
2i_3_49,ERR1211224,2i,/home/s2321661/Test/align/ERR1211224/ERR1211224_Aligned.sortedByCoord.out.bam
2i_3_5,ERR1211180,2i,/home/s2321661/Test/align/ERR1211180/ERR1211180_Aligned.sortedByCoord.out.bam
2i_3_50,ERR1211225,2i,/home/s2321661/Test/align/ERR1211225/ERR1211225_Aligned.sortedByCoord.out.bam
2i_3_51,ERR1211226,2i,/home/s2321661/Test/align/ERR1211226/ERR1211226_Aligned.sortedByCoord.out.bam
2i_3_52,ERR1211227,2i,/home/s2321661/Test/align/ERR1211227/ERR1211227_Aligned.sortedByCoord.out.bam
2i_3_53,ERR1211228,2i,/home/s2321661/Test/align/ERR1211228/ERR1211228_Aligned.sortedByCoord.out.bam
2i_3_54,ERR1211229,2i,/home/s2321661/Test/align/ERR1211229/ERR1211229_Aligned.sortedByCoord.out.bam
2i_3_55,ERR1211230,2i,/home/s2321661/Test/align/ERR1211230/ERR1211230_Aligned.sortedByCoord.out.bam
2i_3_56,ERR1211231,2i,/home/s2321661/Test/align/ERR1211231/ERR1211231_Aligned.sortedByCoord.out.bam
2i_3_57,ERR1211232,2i,/home/s2321661/Test/align/ERR1211232/ERR1211232_Aligned.sortedByCoord.out.bam
2i_3_58,ERR1211233,2i,/home/s2321661/Test/align/ERR1211233/ERR1211233_Aligned.sortedByCoord.out.bam
2i_3_59,ERR1211234,2i,/home/s2321661/Test/align/ERR1211234/ERR1211234_Aligned.sortedByCoord.out.bam
2i_3_6,ERR1211181,2i,/home/s2321661/Test/align/ERR1211181/ERR1211181_Aligned.sortedByCoord.out.bam
2i_3_60,ERR1211235,2i,/home/s2321661/Test/align/ERR1211235/ERR1211235_Aligned.sortedByCoord.out.bam
2i_3_61,ERR1211236,2i,/home/s2321661/Test/align/ERR1211236/ERR1211236_Aligned.sortedByCoord.out.bam
2i_3_62,ERR1211237,2i,/home/s2321661/Test/align/ERR1211237/ERR1211237_Aligned.sortedByCoord.out.bam
2i_3_63,ERR1211238,2i,/home/s2321661/Test/align/ERR1211238/ERR1211238_Aligned.sortedByCoord.out.bam
2i_3_64,ERR1211239,2i,/home/s2321661/Test/align/ERR1211239/ERR1211239_Aligned.sortedByCoord.out.bam
2i_3_65,ERR1211240,2i,/home/s2321661/Test/align/ERR1211240/ERR1211240_Aligned.sortedByCoord.out.bam
2i_3_66,ERR1211241,2i,/home/s2321661/Test/align/ERR1211241/ERR1211241_Aligned.sortedByCoord.out.bam
2i_3_67,ERR1211242,2i,/home/s2321661/Test/align/ERR1211242/ERR1211242_Aligned.sortedByCoord.out.bam
2i_3_68,ERR1211243,2i,/home/s2321661/Test/align/ERR1211243/ERR1211243_Aligned.sortedByCoord.out.bam
2i_3_69,ERR1211244,2i,/home/s2321661/Test/align/ERR1211244/ERR1211244_Aligned.sortedByCoord.out.bam
2i_3_7,ERR1211182,2i,/home/s2321661/Test/align/ERR1211182/ERR1211182_Aligned.sortedByCoord.out.bam
2i_3_70,ERR1211245,2i,/home/s2321661/Test/align/ERR1211245/ERR1211245_Aligned.sortedByCoord.out.bam
2i_3_71,ERR1211246,2i,/home/s2321661/Test/align/ERR1211246/ERR1211246_Aligned.sortedByCoord.out.bam
2i_3_72,ERR1211247,2i,/home/s2321661/Test/align/ERR1211247/ERR1211247_Aligned.sortedByCoord.out.bam
2i_3_73,ERR1211248,2i,/home/s2321661/Test/align/ERR1211248/ERR1211248_Aligned.sortedByCoord.out.bam
2i_3_74,ERR1211249,2i,/home/s2321661/Test/align/ERR1211249/ERR1211249_Aligned.sortedByCoord.out.bam
2i_3_75,ERR1211250,2i,/home/s2321661/Test/align/ERR1211250/ERR1211250_Aligned.sortedByCoord.out.bam
2i_3_76,ERR1211251,2i,/home/s2321661/Test/align/ERR1211251/ERR1211251_Aligned.sortedByCoord.out.bam
2i_3_77,ERR1211252,2i,/home/s2321661/Test/align/ERR1211252/ERR1211252_Aligned.sortedByCoord.out.bam
2i_3_78,ERR1211253,2i,/home/s2321661/Test/align/ERR1211253/ERR1211253_Aligned.sortedByCoord.out.bam
2i_3_79,ERR1211254,2i,/home/s2321661/Test/align/ERR1211254/ERR1211254_Aligned.sortedByCoord.out.bam
2i_3_8,ERR1211183,2i,/home/s2321661/Test/align/ERR1211183/ERR1211183_Aligned.sortedByCoord.out.bam
2i_3_80,ERR1211255,2i,/home/s2321661/Test/align/ERR1211255/ERR1211255_Aligned.sortedByCoord.out.bam
2i_3_81,ERR1211256,2i,/home/s2321661/Test/align/ERR1211256/ERR1211256_Aligned.sortedByCoord.out.bam
2i_3_82,ERR1211257,2i,/home/s2321661/Test/align/ERR1211257/ERR1211257_Aligned.sortedByCoord.out.bam
2i_3_83,ERR1211258,2i,/home/s2321661/Test/align/ERR1211258/ERR1211258_Aligned.sortedByCoord.out.bam
2i_3_84,ERR1211259,2i,/home/s2321661/Test/align/ERR1211259/ERR1211259_Aligned.sortedByCoord.out.bam
2i_3_85,ERR1211260,2i,/home/s2321661/Test/align/ERR1211260/ERR1211260_Aligned.sortedByCoord.out.bam
2i_3_86,ERR1211261,2i,/home/s2321661/Test/align/ERR1211261/ERR1211261_Aligned.sortedByCoord.out.bam
2i_3_87,ERR1211262,2i,/home/s2321661/Test/align/ERR1211262/ERR1211262_Aligned.sortedByCoord.out.bam
2i_3_88,ERR1211263,2i,/home/s2321661/Test/align/ERR1211263/ERR1211263_Aligned.sortedByCoord.out.bam
2i_3_89,ERR1211264,2i,/home/s2321661/Test/align/ERR1211264/ERR1211264_Aligned.sortedByCoord.out.bam
2i_3_9,ERR1211184,2i,/home/s2321661/Test/align/ERR1211184/ERR1211184_Aligned.sortedByCoord.out.bam
2i_3_90,ERR1211265,2i,/home/s2321661/Test/align/ERR1211265/ERR1211265_Aligned.sortedByCoord.out.bam
2i_3_91,ERR1211266,2i,/home/s2321661/Test/align/ERR1211266/ERR1211266_Aligned.sortedByCoord.out.bam
2i_3_92,ERR1211267,2i,/home/s2321661/Test/align/ERR1211267/ERR1211267_Aligned.sortedByCoord.out.bam
2i_3_93,ERR1211268,2i,/home/s2321661/Test/align/ERR1211268/ERR1211268_Aligned.sortedByCoord.out.bam
2i_3_94,ERR1211269,2i,/home/s2321661/Test/align/ERR1211269/ERR1211269_Aligned.sortedByCoord.out.bam
2i_3_95,ERR1211270,2i,/home/s2321661/Test/align/ERR1211270/ERR1211270_Aligned.sortedByCoord.out.bam
2i_3_96,ERR1211271,2i,/home/s2321661/Test/align/ERR1211271/ERR1211271_Aligned.sortedByCoord.out.bam
2i_30,ERR522995,2i,/home/s2321661/Test/align/ERR522995/ERR522995_Aligned.sortedByCoord.out.bam
2i_31,ERR523204,2i,/home/s2321661/Test/align/ERR523204/ERR523204_Aligned.sortedByCoord.out.bam
2i_32,ERR522902,2i,/home/s2321661/Test/align/ERR522902/ERR522902_Aligned.sortedByCoord.out.bam
2i_33,ERR523037,2i,/home/s2321661/Test/align/ERR523037/ERR523037_Aligned.sortedByCoord.out.bam
2i_34,ERR523060,2i,/home/s2321661/Test/align/ERR523060/ERR523060_Aligned.sortedByCoord.out.bam
2i_35,ERR523142,2i,/home/s2321661/Test/align/ERR523142/ERR523142_Aligned.sortedByCoord.out.bam
2i_36,ERR523113,2i,/home/s2321661/Test/align/ERR523113/ERR523113_Aligned.sortedByCoord.out.bam
2i_37,ERR522901,2i,/home/s2321661/Test/align/ERR522901/ERR522901_Aligned.sortedByCoord.out.bam
2i_38,ERR522864,2i,/home/s2321661/Test/align/ERR522864/ERR522864_Aligned.sortedByCoord.out.bam
2i_39,ERR522847,2i,/home/s2321661/Test/align/ERR522847/ERR522847_Aligned.sortedByCoord.out.bam
2i_4,ERR523180,2i,/home/s2321661/Test/align/ERR523180/ERR523180_Aligned.sortedByCoord.out.bam
2i_4_1,ERR1211464,2i,/home/s2321661/Test/align/ERR1211464/ERR1211464_Aligned.sortedByCoord.out.bam
2i_4_10,ERR1211473,2i,/home/s2321661/Test/align/ERR1211473/ERR1211473_Aligned.sortedByCoord.out.bam
2i_4_11,ERR1211474,2i,/home/s2321661/Test/align/ERR1211474/ERR1211474_Aligned.sortedByCoord.out.bam
2i_4_12,ERR1211475,2i,/home/s2321661/Test/align/ERR1211475/ERR1211475_Aligned.sortedByCoord.out.bam
2i_4_13,ERR1211476,2i,/home/s2321661/Test/align/ERR1211476/ERR1211476_Aligned.sortedByCoord.out.bam
2i_4_14,ERR1211477,2i,/home/s2321661/Test/align/ERR1211477/ERR1211477_Aligned.sortedByCoord.out.bam
2i_4_15,ERR1211478,2i,/home/s2321661/Test/align/ERR1211478/ERR1211478_Aligned.sortedByCoord.out.bam
2i_4_16,ERR1211479,2i,/home/s2321661/Test/align/ERR1211479/ERR1211479_Aligned.sortedByCoord.out.bam
2i_4_17,ERR1211480,2i,/home/s2321661/Test/align/ERR1211480/ERR1211480_Aligned.sortedByCoord.out.bam
2i_4_18,ERR1211481,2i,/home/s2321661/Test/align/ERR1211481/ERR1211481_Aligned.sortedByCoord.out.bam
2i_4_19,ERR1211482,2i,/home/s2321661/Test/align/ERR1211482/ERR1211482_Aligned.sortedByCoord.out.bam
2i_4_2,ERR1211465,2i,/home/s2321661/Test/align/ERR1211465/ERR1211465_Aligned.sortedByCoord.out.bam
2i_4_20,ERR1211483,2i,/home/s2321661/Test/align/ERR1211483/ERR1211483_Aligned.sortedByCoord.out.bam
2i_4_21,ERR1211484,2i,/home/s2321661/Test/align/ERR1211484/ERR1211484_Aligned.sortedByCoord.out.bam
2i_4_22,ERR1211485,2i,/home/s2321661/Test/align/ERR1211485/ERR1211485_Aligned.sortedByCoord.out.bam
2i_4_23,ERR1211486,2i,/home/s2321661/Test/align/ERR1211486/ERR1211486_Aligned.sortedByCoord.out.bam
2i_4_24,ERR1211487,2i,/home/s2321661/Test/align/ERR1211487/ERR1211487_Aligned.sortedByCoord.out.bam
2i_4_25,ERR1211488,2i,/home/s2321661/Test/align/ERR1211488/ERR1211488_Aligned.sortedByCoord.out.bam
2i_4_26,ERR1211489,2i,/home/s2321661/Test/align/ERR1211489/ERR1211489_Aligned.sortedByCoord.out.bam
2i_4_27,ERR1211490,2i,/home/s2321661/Test/align/ERR1211490/ERR1211490_Aligned.sortedByCoord.out.bam
2i_4_28,ERR1211491,2i,/home/s2321661/Test/align/ERR1211491/ERR1211491_Aligned.sortedByCoord.out.bam
2i_4_29,ERR1211492,2i,/home/s2321661/Test/align/ERR1211492/ERR1211492_Aligned.sortedByCoord.out.bam
2i_4_3,ERR1211466,2i,/home/s2321661/Test/align/ERR1211466/ERR1211466_Aligned.sortedByCoord.out.bam
2i_4_30,ERR1211493,2i,/home/s2321661/Test/align/ERR1211493/ERR1211493_Aligned.sortedByCoord.out.bam
2i_4_31,ERR1211494,2i,/home/s2321661/Test/align/ERR1211494/ERR1211494_Aligned.sortedByCoord.out.bam
2i_4_32,ERR1211495,2i,/home/s2321661/Test/align/ERR1211495/ERR1211495_Aligned.sortedByCoord.out.bam
2i_4_33,ERR1211496,2i,/home/s2321661/Test/align/ERR1211496/ERR1211496_Aligned.sortedByCoord.out.bam
2i_4_34,ERR1211497,2i,/home/s2321661/Test/align/ERR1211497/ERR1211497_Aligned.sortedByCoord.out.bam
2i_4_35,ERR1211498,2i,/home/s2321661/Test/align/ERR1211498/ERR1211498_Aligned.sortedByCoord.out.bam
2i_4_36,ERR1211499,2i,/home/s2321661/Test/align/ERR1211499/ERR1211499_Aligned.sortedByCoord.out.bam
2i_4_37,ERR1211500,2i,/home/s2321661/Test/align/ERR1211500/ERR1211500_Aligned.sortedByCoord.out.bam
2i_4_38,ERR1211501,2i,/home/s2321661/Test/align/ERR1211501/ERR1211501_Aligned.sortedByCoord.out.bam
2i_4_39,ERR1211502,2i,/home/s2321661/Test/align/ERR1211502/ERR1211502_Aligned.sortedByCoord.out.bam
2i_4_4,ERR1211467,2i,/home/s2321661/Test/align/ERR1211467/ERR1211467_Aligned.sortedByCoord.out.bam
2i_4_40,ERR1211503,2i,/home/s2321661/Test/align/ERR1211503/ERR1211503_Aligned.sortedByCoord.out.bam
2i_4_41,ERR1211504,2i,/home/s2321661/Test/align/ERR1211504/ERR1211504_Aligned.sortedByCoord.out.bam
2i_4_42,ERR1211505,2i,/home/s2321661/Test/align/ERR1211505/ERR1211505_Aligned.sortedByCoord.out.bam
2i_4_43,ERR1211506,2i,/home/s2321661/Test/align/ERR1211506/ERR1211506_Aligned.sortedByCoord.out.bam
2i_4_44,ERR1211507,2i,/home/s2321661/Test/align/ERR1211507/ERR1211507_Aligned.sortedByCoord.out.bam
2i_4_45,ERR1211508,2i,/home/s2321661/Test/align/ERR1211508/ERR1211508_Aligned.sortedByCoord.out.bam
2i_4_46,ERR1211509,2i,/home/s2321661/Test/align/ERR1211509/ERR1211509_Aligned.sortedByCoord.out.bam
2i_4_47,ERR1211510,2i,/home/s2321661/Test/align/ERR1211510/ERR1211510_Aligned.sortedByCoord.out.bam
2i_4_48,ERR1211511,2i,/home/s2321661/Test/align/ERR1211511/ERR1211511_Aligned.sortedByCoord.out.bam
2i_4_49,ERR1211512,2i,/home/s2321661/Test/align/ERR1211512/ERR1211512_Aligned.sortedByCoord.out.bam
2i_4_5,ERR1211468,2i,/home/s2321661/Test/align/ERR1211468/ERR1211468_Aligned.sortedByCoord.out.bam
2i_4_50,ERR1211513,2i,/home/s2321661/Test/align/ERR1211513/ERR1211513_Aligned.sortedByCoord.out.bam
2i_4_51,ERR1211514,2i,/home/s2321661/Test/align/ERR1211514/ERR1211514_Aligned.sortedByCoord.out.bam
2i_4_52,ERR1211515,2i,/home/s2321661/Test/align/ERR1211515/ERR1211515_Aligned.sortedByCoord.out.bam
2i_4_53,ERR1211516,2i,/home/s2321661/Test/align/ERR1211516/ERR1211516_Aligned.sortedByCoord.out.bam
2i_4_54,ERR1211517,2i,/home/s2321661/Test/align/ERR1211517/ERR1211517_Aligned.sortedByCoord.out.bam
2i_4_55,ERR1211518,2i,/home/s2321661/Test/align/ERR1211518/ERR1211518_Aligned.sortedByCoord.out.bam
2i_4_56,ERR1211519,2i,/home/s2321661/Test/align/ERR1211519/ERR1211519_Aligned.sortedByCoord.out.bam
2i_4_57,ERR1211520,2i,/home/s2321661/Test/align/ERR1211520/ERR1211520_Aligned.sortedByCoord.out.bam
2i_4_58,ERR1211521,2i,/home/s2321661/Test/align/ERR1211521/ERR1211521_Aligned.sortedByCoord.out.bam
2i_4_59,ERR1211522,2i,/home/s2321661/Test/align/ERR1211522/ERR1211522_Aligned.sortedByCoord.out.bam
2i_4_6,ERR1211469,2i,/home/s2321661/Test/align/ERR1211469/ERR1211469_Aligned.sortedByCoord.out.bam
2i_4_60,ERR1211523,2i,/home/s2321661/Test/align/ERR1211523/ERR1211523_Aligned.sortedByCoord.out.bam
2i_4_61,ERR1211524,2i,/home/s2321661/Test/align/ERR1211524/ERR1211524_Aligned.sortedByCoord.out.bam
2i_4_62,ERR1211525,2i,/home/s2321661/Test/align/ERR1211525/ERR1211525_Aligned.sortedByCoord.out.bam
2i_4_63,ERR1211526,2i,/home/s2321661/Test/align/ERR1211526/ERR1211526_Aligned.sortedByCoord.out.bam
2i_4_64,ERR1211527,2i,/home/s2321661/Test/align/ERR1211527/ERR1211527_Aligned.sortedByCoord.out.bam
2i_4_65,ERR1211528,2i,/home/s2321661/Test/align/ERR1211528/ERR1211528_Aligned.sortedByCoord.out.bam
2i_4_66,ERR1211529,2i,/home/s2321661/Test/align/ERR1211529/ERR1211529_Aligned.sortedByCoord.out.bam
2i_4_67,ERR1211530,2i,/home/s2321661/Test/align/ERR1211530/ERR1211530_Aligned.sortedByCoord.out.bam
2i_4_68,ERR1211531,2i,/home/s2321661/Test/align/ERR1211531/ERR1211531_Aligned.sortedByCoord.out.bam
2i_4_69,ERR1211532,2i,/home/s2321661/Test/align/ERR1211532/ERR1211532_Aligned.sortedByCoord.out.bam
2i_4_7,ERR1211470,2i,/home/s2321661/Test/align/ERR1211470/ERR1211470_Aligned.sortedByCoord.out.bam
2i_4_70,ERR1211533,2i,/home/s2321661/Test/align/ERR1211533/ERR1211533_Aligned.sortedByCoord.out.bam
2i_4_71,ERR1211534,2i,/home/s2321661/Test/align/ERR1211534/ERR1211534_Aligned.sortedByCoord.out.bam
2i_4_72,ERR1211535,2i,/home/s2321661/Test/align/ERR1211535/ERR1211535_Aligned.sortedByCoord.out.bam
2i_4_73,ERR1211536,2i,/home/s2321661/Test/align/ERR1211536/ERR1211536_Aligned.sortedByCoord.out.bam
2i_4_74,ERR1211537,2i,/home/s2321661/Test/align/ERR1211537/ERR1211537_Aligned.sortedByCoord.out.bam
2i_4_75,ERR1211538,2i,/home/s2321661/Test/align/ERR1211538/ERR1211538_Aligned.sortedByCoord.out.bam
2i_4_76,ERR1211539,2i,/home/s2321661/Test/align/ERR1211539/ERR1211539_Aligned.sortedByCoord.out.bam
2i_4_77,ERR1211540,2i,/home/s2321661/Test/align/ERR1211540/ERR1211540_Aligned.sortedByCoord.out.bam
2i_4_78,ERR1211541,2i,/home/s2321661/Test/align/ERR1211541/ERR1211541_Aligned.sortedByCoord.out.bam
2i_4_79,ERR1211542,2i,/home/s2321661/Test/align/ERR1211542/ERR1211542_Aligned.sortedByCoord.out.bam
2i_4_8,ERR1211471,2i,/home/s2321661/Test/align/ERR1211471/ERR1211471_Aligned.sortedByCoord.out.bam
2i_4_80,ERR1211543,2i,/home/s2321661/Test/align/ERR1211543/ERR1211543_Aligned.sortedByCoord.out.bam
2i_4_81,ERR1211544,2i,/home/s2321661/Test/align/ERR1211544/ERR1211544_Aligned.sortedByCoord.out.bam
2i_4_82,ERR1211545,2i,/home/s2321661/Test/align/ERR1211545/ERR1211545_Aligned.sortedByCoord.out.bam
2i_4_83,ERR1211546,2i,/home/s2321661/Test/align/ERR1211546/ERR1211546_Aligned.sortedByCoord.out.bam
2i_4_84,ERR1211547,2i,/home/s2321661/Test/align/ERR1211547/ERR1211547_Aligned.sortedByCoord.out.bam
2i_4_85,ERR1211548,2i,/home/s2321661/Test/align/ERR1211548/ERR1211548_Aligned.sortedByCoord.out.bam
2i_4_86,ERR1211549,2i,/home/s2321661/Test/align/ERR1211549/ERR1211549_Aligned.sortedByCoord.out.bam
2i_4_87,ERR1211550,2i,/home/s2321661/Test/align/ERR1211550/ERR1211550_Aligned.sortedByCoord.out.bam
2i_4_88,ERR1211551,2i,/home/s2321661/Test/align/ERR1211551/ERR1211551_Aligned.sortedByCoord.out.bam
2i_4_89,ERR1211552,2i,/home/s2321661/Test/align/ERR1211552/ERR1211552_Aligned.sortedByCoord.out.bam
2i_4_9,ERR1211472,2i,/home/s2321661/Test/align/ERR1211472/ERR1211472_Aligned.sortedByCoord.out.bam
2i_4_90,ERR1211553,2i,/home/s2321661/Test/align/ERR1211553/ERR1211553_Aligned.sortedByCoord.out.bam
2i_4_91,ERR1211554,2i,/home/s2321661/Test/align/ERR1211554/ERR1211554_Aligned.sortedByCoord.out.bam
2i_4_92,ERR1211555,2i,/home/s2321661/Test/align/ERR1211555/ERR1211555_Aligned.sortedByCoord.out.bam
2i_4_93,ERR1211556,2i,/home/s2321661/Test/align/ERR1211556/ERR1211556_Aligned.sortedByCoord.out.bam
2i_4_94,ERR1211557,2i,/home/s2321661/Test/align/ERR1211557/ERR1211557_Aligned.sortedByCoord.out.bam
2i_4_95,ERR1211558,2i,/home/s2321661/Test/align/ERR1211558/ERR1211558_Aligned.sortedByCoord.out.bam
2i_4_96,ERR1211559,2i,/home/s2321661/Test/align/ERR1211559/ERR1211559_Aligned.sortedByCoord.out.bam
2i_40,ERR522871,2i,/home/s2321661/Test/align/ERR522871/ERR522871_Aligned.sortedByCoord.out.bam
2i_41,ERR523029,2i,/home/s2321661/Test/align/ERR523029/ERR523029_Aligned.sortedByCoord.out.bam
2i_42,ERR523130,2i,/home/s2321661/Test/align/ERR523130/ERR523130_Aligned.sortedByCoord.out.bam
2i_43,ERR523135,2i,/home/s2321661/Test/align/ERR523135/ERR523135_Aligned.sortedByCoord.out.bam
2i_44,ERR522855,2i,/home/s2321661/Test/align/ERR522855/ERR522855_Aligned.sortedByCoord.out.bam
2i_45,ERR522869,2i,/home/s2321661/Test/align/ERR522869/ERR522869_Aligned.sortedByCoord.out.bam
2i_46,ERR523185,2i,/home/s2321661/Test/align/ERR523185/ERR523185_Aligned.sortedByCoord.out.bam
2i_47,ERR522860,2i,/home/s2321661/Test/align/ERR522860/ERR522860_Aligned.sortedByCoord.out.bam
2i_48,ERR522924,2i,/home/s2321661/Test/align/ERR522924/ERR522924_Aligned.sortedByCoord.out.bam
2i_49,ERR523072,2i,/home/s2321661/Test/align/ERR523072/ERR523072_Aligned.sortedByCoord.out.bam
2i_5,ERR523194,2i,/home/s2321661/Test/align/ERR523194/ERR523194_Aligned.sortedByCoord.out.bam
2i_5_1,ERR1211560,2i,/home/s2321661/Test/align/ERR1211560/ERR1211560_Aligned.sortedByCoord.out.bam
2i_5_10,ERR1211569,2i,/home/s2321661/Test/align/ERR1211569/ERR1211569_Aligned.sortedByCoord.out.bam
2i_5_11,ERR1211570,2i,/home/s2321661/Test/align/ERR1211570/ERR1211570_Aligned.sortedByCoord.out.bam
2i_5_12,ERR1211571,2i,/home/s2321661/Test/align/ERR1211571/ERR1211571_Aligned.sortedByCoord.out.bam
2i_5_13,ERR1211572,2i,/home/s2321661/Test/align/ERR1211572/ERR1211572_Aligned.sortedByCoord.out.bam
2i_5_14,ERR1211573,2i,/home/s2321661/Test/align/ERR1211573/ERR1211573_Aligned.sortedByCoord.out.bam
2i_5_15,ERR1211574,2i,/home/s2321661/Test/align/ERR1211574/ERR1211574_Aligned.sortedByCoord.out.bam
2i_5_16,ERR1211575,2i,/home/s2321661/Test/align/ERR1211575/ERR1211575_Aligned.sortedByCoord.out.bam
2i_5_17,ERR1211576,2i,/home/s2321661/Test/align/ERR1211576/ERR1211576_Aligned.sortedByCoord.out.bam
2i_5_18,ERR1211577,2i,/home/s2321661/Test/align/ERR1211577/ERR1211577_Aligned.sortedByCoord.out.bam
2i_5_19,ERR1211578,2i,/home/s2321661/Test/align/ERR1211578/ERR1211578_Aligned.sortedByCoord.out.bam
2i_5_2,ERR1211561,2i,/home/s2321661/Test/align/ERR1211561/ERR1211561_Aligned.sortedByCoord.out.bam
2i_5_20,ERR1211579,2i,/home/s2321661/Test/align/ERR1211579/ERR1211579_Aligned.sortedByCoord.out.bam
2i_5_21,ERR1211580,2i,/home/s2321661/Test/align/ERR1211580/ERR1211580_Aligned.sortedByCoord.out.bam
2i_5_22,ERR1211581,2i,/home/s2321661/Test/align/ERR1211581/ERR1211581_Aligned.sortedByCoord.out.bam
2i_5_23,ERR1211582,2i,/home/s2321661/Test/align/ERR1211582/ERR1211582_Aligned.sortedByCoord.out.bam
2i_5_24,ERR1211583,2i,/home/s2321661/Test/align/ERR1211583/ERR1211583_Aligned.sortedByCoord.out.bam
2i_5_25,ERR1211584,2i,/home/s2321661/Test/align/ERR1211584/ERR1211584_Aligned.sortedByCoord.out.bam
2i_5_26,ERR1211585,2i,/home/s2321661/Test/align/ERR1211585/ERR1211585_Aligned.sortedByCoord.out.bam
2i_5_27,ERR1211586,2i,/home/s2321661/Test/align/ERR1211586/ERR1211586_Aligned.sortedByCoord.out.bam
2i_5_28,ERR1211587,2i,/home/s2321661/Test/align/ERR1211587/ERR1211587_Aligned.sortedByCoord.out.bam
2i_5_29,ERR1211588,2i,/home/s2321661/Test/align/ERR1211588/ERR1211588_Aligned.sortedByCoord.out.bam
2i_5_3,ERR1211562,2i,/home/s2321661/Test/align/ERR1211562/ERR1211562_Aligned.sortedByCoord.out.bam
2i_5_30,ERR1211589,2i,/home/s2321661/Test/align/ERR1211589/ERR1211589_Aligned.sortedByCoord.out.bam
2i_5_31,ERR1211590,2i,/home/s2321661/Test/align/ERR1211590/ERR1211590_Aligned.sortedByCoord.out.bam
2i_5_32,ERR1211591,2i,/home/s2321661/Test/align/ERR1211591/ERR1211591_Aligned.sortedByCoord.out.bam
2i_5_33,ERR1211592,2i,/home/s2321661/Test/align/ERR1211592/ERR1211592_Aligned.sortedByCoord.out.bam
2i_5_34,ERR1211593,2i,/home/s2321661/Test/align/ERR1211593/ERR1211593_Aligned.sortedByCoord.out.bam
2i_5_35,ERR1211594,2i,/home/s2321661/Test/align/ERR1211594/ERR1211594_Aligned.sortedByCoord.out.bam
2i_5_36,ERR1211595,2i,/home/s2321661/Test/align/ERR1211595/ERR1211595_Aligned.sortedByCoord.out.bam
2i_5_37,ERR1211596,2i,/home/s2321661/Test/align/ERR1211596/ERR1211596_Aligned.sortedByCoord.out.bam
2i_5_38,ERR1211597,2i,/home/s2321661/Test/align/ERR1211597/ERR1211597_Aligned.sortedByCoord.out.bam
2i_5_39,ERR1211598,2i,/home/s2321661/Test/align/ERR1211598/ERR1211598_Aligned.sortedByCoord.out.bam
2i_5_4,ERR1211563,2i,/home/s2321661/Test/align/ERR1211563/ERR1211563_Aligned.sortedByCoord.out.bam
2i_5_40,ERR1211599,2i,/home/s2321661/Test/align/ERR1211599/ERR1211599_Aligned.sortedByCoord.out.bam
2i_5_41,ERR1211600,2i,/home/s2321661/Test/align/ERR1211600/ERR1211600_Aligned.sortedByCoord.out.bam
2i_5_42,ERR1211601,2i,/home/s2321661/Test/align/ERR1211601/ERR1211601_Aligned.sortedByCoord.out.bam
2i_5_43,ERR1211602,2i,/home/s2321661/Test/align/ERR1211602/ERR1211602_Aligned.sortedByCoord.out.bam
2i_5_44,ERR1211603,2i,/home/s2321661/Test/align/ERR1211603/ERR1211603_Aligned.sortedByCoord.out.bam
2i_5_45,ERR1211604,2i,/home/s2321661/Test/align/ERR1211604/ERR1211604_Aligned.sortedByCoord.out.bam
2i_5_46,ERR1211605,2i,/home/s2321661/Test/align/ERR1211605/ERR1211605_Aligned.sortedByCoord.out.bam
2i_5_47,ERR1211606,2i,/home/s2321661/Test/align/ERR1211606/ERR1211606_Aligned.sortedByCoord.out.bam
2i_5_48,ERR1211607,2i,/home/s2321661/Test/align/ERR1211607/ERR1211607_Aligned.sortedByCoord.out.bam
2i_5_49,ERR1211608,2i,/home/s2321661/Test/align/ERR1211608/ERR1211608_Aligned.sortedByCoord.out.bam
2i_5_5,ERR1211564,2i,/home/s2321661/Test/align/ERR1211564/ERR1211564_Aligned.sortedByCoord.out.bam
2i_5_50,ERR1211609,2i,/home/s2321661/Test/align/ERR1211609/ERR1211609_Aligned.sortedByCoord.out.bam
2i_5_51,ERR1211610,2i,/home/s2321661/Test/align/ERR1211610/ERR1211610_Aligned.sortedByCoord.out.bam
2i_5_52,ERR1211611,2i,/home/s2321661/Test/align/ERR1211611/ERR1211611_Aligned.sortedByCoord.out.bam
2i_5_53,ERR1211612,2i,/home/s2321661/Test/align/ERR1211612/ERR1211612_Aligned.sortedByCoord.out.bam
2i_5_54,ERR1211613,2i,/home/s2321661/Test/align/ERR1211613/ERR1211613_Aligned.sortedByCoord.out.bam
2i_5_55,ERR1211614,2i,/home/s2321661/Test/align/ERR1211614/ERR1211614_Aligned.sortedByCoord.out.bam
2i_5_56,ERR1211615,2i,/home/s2321661/Test/align/ERR1211615/ERR1211615_Aligned.sortedByCoord.out.bam
2i_5_57,ERR1211616,2i,/home/s2321661/Test/align/ERR1211616/ERR1211616_Aligned.sortedByCoord.out.bam
2i_5_58,ERR1211617,2i,/home/s2321661/Test/align/ERR1211617/ERR1211617_Aligned.sortedByCoord.out.bam
2i_5_59,ERR1211618,2i,/home/s2321661/Test/align/ERR1211618/ERR1211618_Aligned.sortedByCoord.out.bam
2i_5_6,ERR1211565,2i,/home/s2321661/Test/align/ERR1211565/ERR1211565_Aligned.sortedByCoord.out.bam
2i_5_60,ERR1211619,2i,/home/s2321661/Test/align/ERR1211619/ERR1211619_Aligned.sortedByCoord.out.bam
2i_5_61,ERR1211620,2i,/home/s2321661/Test/align/ERR1211620/ERR1211620_Aligned.sortedByCoord.out.bam
2i_5_62,ERR1211621,2i,/home/s2321661/Test/align/ERR1211621/ERR1211621_Aligned.sortedByCoord.out.bam
2i_5_63,ERR1211622,2i,/home/s2321661/Test/align/ERR1211622/ERR1211622_Aligned.sortedByCoord.out.bam
2i_5_64,ERR1211623,2i,/home/s2321661/Test/align/ERR1211623/ERR1211623_Aligned.sortedByCoord.out.bam
2i_5_65,ERR1211624,2i,/home/s2321661/Test/align/ERR1211624/ERR1211624_Aligned.sortedByCoord.out.bam
2i_5_66,ERR1211625,2i,/home/s2321661/Test/align/ERR1211625/ERR1211625_Aligned.sortedByCoord.out.bam
2i_5_67,ERR1211626,2i,/home/s2321661/Test/align/ERR1211626/ERR1211626_Aligned.sortedByCoord.out.bam
2i_5_68,ERR1211627,2i,/home/s2321661/Test/align/ERR1211627/ERR1211627_Aligned.sortedByCoord.out.bam
2i_5_69,ERR1211628,2i,/home/s2321661/Test/align/ERR1211628/ERR1211628_Aligned.sortedByCoord.out.bam
2i_5_7,ERR1211566,2i,/home/s2321661/Test/align/ERR1211566/ERR1211566_Aligned.sortedByCoord.out.bam
2i_5_70,ERR1211629,2i,/home/s2321661/Test/align/ERR1211629/ERR1211629_Aligned.sortedByCoord.out.bam
2i_5_71,ERR1211630,2i,/home/s2321661/Test/align/ERR1211630/ERR1211630_Aligned.sortedByCoord.out.bam
2i_5_72,ERR1211631,2i,/home/s2321661/Test/align/ERR1211631/ERR1211631_Aligned.sortedByCoord.out.bam
2i_5_73,ERR1211632,2i,/home/s2321661/Test/align/ERR1211632/ERR1211632_Aligned.sortedByCoord.out.bam
2i_5_74,ERR1211633,2i,/home/s2321661/Test/align/ERR1211633/ERR1211633_Aligned.sortedByCoord.out.bam
2i_5_75,ERR1211634,2i,/home/s2321661/Test/align/ERR1211634/ERR1211634_Aligned.sortedByCoord.out.bam
2i_5_76,ERR1211635,2i,/home/s2321661/Test/align/ERR1211635/ERR1211635_Aligned.sortedByCoord.out.bam
2i_5_77,ERR1211636,2i,/home/s2321661/Test/align/ERR1211636/ERR1211636_Aligned.sortedByCoord.out.bam
2i_5_78,ERR1211637,2i,/home/s2321661/Test/align/ERR1211637/ERR1211637_Aligned.sortedByCoord.out.bam
2i_5_79,ERR1211638,2i,/home/s2321661/Test/align/ERR1211638/ERR1211638_Aligned.sortedByCoord.out.bam
2i_5_8,ERR1211567,2i,/home/s2321661/Test/align/ERR1211567/ERR1211567_Aligned.sortedByCoord.out.bam
2i_5_80,ERR1211639,2i,/home/s2321661/Test/align/ERR1211639/ERR1211639_Aligned.sortedByCoord.out.bam
2i_5_81,ERR1211640,2i,/home/s2321661/Test/align/ERR1211640/ERR1211640_Aligned.sortedByCoord.out.bam
2i_5_82,ERR1211641,2i,/home/s2321661/Test/align/ERR1211641/ERR1211641_Aligned.sortedByCoord.out.bam
2i_5_83,ERR1211642,2i,/home/s2321661/Test/align/ERR1211642/ERR1211642_Aligned.sortedByCoord.out.bam
2i_5_84,ERR1211643,2i,/home/s2321661/Test/align/ERR1211643/ERR1211643_Aligned.sortedByCoord.out.bam
2i_5_85,ERR1211644,2i,/home/s2321661/Test/align/ERR1211644/ERR1211644_Aligned.sortedByCoord.out.bam
2i_5_86,ERR1211645,2i,/home/s2321661/Test/align/ERR1211645/ERR1211645_Aligned.sortedByCoord.out.bam
2i_5_87,ERR1211646,2i,/home/s2321661/Test/align/ERR1211646/ERR1211646_Aligned.sortedByCoord.out.bam
2i_5_88,ERR1211647,2i,/home/s2321661/Test/align/ERR1211647/ERR1211647_Aligned.sortedByCoord.out.bam
2i_5_89,ERR1211648,2i,/home/s2321661/Test/align/ERR1211648/ERR1211648_Aligned.sortedByCoord.out.bam
2i_5_9,ERR1211568,2i,/home/s2321661/Test/align/ERR1211568/ERR1211568_Aligned.sortedByCoord.out.bam
2i_5_90,ERR1211649,2i,/home/s2321661/Test/align/ERR1211649/ERR1211649_Aligned.sortedByCoord.out.bam
2i_5_91,ERR1211650,2i,/home/s2321661/Test/align/ERR1211650/ERR1211650_Aligned.sortedByCoord.out.bam
2i_5_92,ERR1211651,2i,/home/s2321661/Test/align/ERR1211651/ERR1211651_Aligned.sortedByCoord.out.bam
2i_5_93,ERR1211652,2i,/home/s2321661/Test/align/ERR1211652/ERR1211652_Aligned.sortedByCoord.out.bam
2i_5_94,ERR1211653,2i,/home/s2321661/Test/align/ERR1211653/ERR1211653_Aligned.sortedByCoord.out.bam
2i_5_95,ERR1211654,2i,/home/s2321661/Test/align/ERR1211654/ERR1211654_Aligned.sortedByCoord.out.bam
2i_5_96,ERR1211655,2i,/home/s2321661/Test/align/ERR1211655/ERR1211655_Aligned.sortedByCoord.out.bam
2i_50,ERR523174,2i,/home/s2321661/Test/align/ERR523174/ERR523174_Aligned.sortedByCoord.out.bam
2i_51,ERR522909,2i,/home/s2321661/Test/align/ERR522909/ERR522909_Aligned.sortedByCoord.out.bam
2i_52,ERR523066,2i,/home/s2321661/Test/align/ERR523066/ERR523066_Aligned.sortedByCoord.out.bam
2i_53,ERR522941,2i,/home/s2321661/Test/align/ERR522941/ERR522941_Aligned.sortedByCoord.out.bam
2i_54,ERR522946,2i,/home/s2321661/Test/align/ERR522946/ERR522946_Aligned.sortedByCoord.out.bam
2i_55,ERR522850,2i,/home/s2321661/Test/align/ERR522850/ERR522850_Aligned.sortedByCoord.out.bam
2i_56,ERR523092,2i,/home/s2321661/Test/align/ERR523092/ERR523092_Aligned.sortedByCoord.out.bam
2i_57,ERR523206,2i,/home/s2321661/Test/align/ERR523206/ERR523206_Aligned.sortedByCoord.out.bam
2i_58,ERR522865,2i,/home/s2321661/Test/align/ERR522865/ERR522865_Aligned.sortedByCoord.out.bam
2i_59,ERR522881,2i,/home/s2321661/Test/align/ERR522881/ERR522881_Aligned.sortedByCoord.out.bam
2i_6,ERR523020,2i,/home/s2321661/Test/align/ERR523020/ERR523020_Aligned.sortedByCoord.out.bam
2i_60,ERR522874,2i,/home/s2321661/Test/align/ERR522874/ERR522874_Aligned.sortedByCoord.out.bam
2i_61,ERR523007,2i,/home/s2321661/Test/align/ERR523007/ERR523007_Aligned.sortedByCoord.out.bam
2i_62,ERR523125,2i,/home/s2321661/Test/align/ERR523125/ERR523125_Aligned.sortedByCoord.out.bam
2i_63,ERR523197,2i,/home/s2321661/Test/align/ERR523197/ERR523197_Aligned.sortedByCoord.out.bam
2i_64,ERR522931,2i,/home/s2321661/Test/align/ERR522931/ERR522931_Aligned.sortedByCoord.out.bam
2i_65,ERR523143,2i,/home/s2321661/Test/align/ERR523143/ERR523143_Aligned.sortedByCoord.out.bam
2i_66,ERR523124,2i,/home/s2321661/Test/align/ERR523124/ERR523124_Aligned.sortedByCoord.out.bam
2i_67,ERR523188,2i,/home/s2321661/Test/align/ERR523188/ERR523188_Aligned.sortedByCoord.out.bam
2i_68,ERR523175,2i,/home/s2321661/Test/align/ERR523175/ERR523175_Aligned.sortedByCoord.out.bam
2i_69,ERR523006,2i,/home/s2321661/Test/align/ERR523006/ERR523006_Aligned.sortedByCoord.out.bam
2i_7,ERR523153,2i,/home/s2321661/Test/align/ERR523153/ERR523153_Aligned.sortedByCoord.out.bam
2i_70,ERR522818,2i,/home/s2321661/Test/align/ERR522818/ERR522818_Aligned.sortedByCoord.out.bam
2i_71,ERR522999,2i,/home/s2321661/Test/align/ERR522999/ERR522999_Aligned.sortedByCoord.out.bam
2i_72,ERR523059,2i,/home/s2321661/Test/align/ERR523059/ERR523059_Aligned.sortedByCoord.out.bam
2i_73,ERR523090,2i,/home/s2321661/Test/align/ERR523090/ERR523090_Aligned.sortedByCoord.out.bam
2i_74,ERR522973,2i,/home/s2321661/Test/align/ERR522973/ERR522973_Aligned.sortedByCoord.out.bam
2i_75,ERR523040,2i,/home/s2321661/Test/align/ERR523040/ERR523040_Aligned.sortedByCoord.out.bam
2i_76,ERR523063,2i,/home/s2321661/Test/align/ERR523063/ERR523063_Aligned.sortedByCoord.out.bam
2i_77,ERR523100,2i,/home/s2321661/Test/align/ERR523100/ERR523100_Aligned.sortedByCoord.out.bam
2i_78,ERR523136,2i,/home/s2321661/Test/align/ERR523136/ERR523136_Aligned.sortedByCoord.out.bam
2i_79,ERR522984,2i,/home/s2321661/Test/align/ERR522984/ERR522984_Aligned.sortedByCoord.out.bam
2i_8,ERR522998,2i,/home/s2321661/Test/align/ERR522998/ERR522998_Aligned.sortedByCoord.out.bam
2i_80,ERR523080,2i,/home/s2321661/Test/align/ERR523080/ERR523080_Aligned.sortedByCoord.out.bam
2i_81,ERR522950,2i,/home/s2321661/Test/align/ERR522950/ERR522950_Aligned.sortedByCoord.out.bam
2i_82,ERR522953,2i,/home/s2321661/Test/align/ERR522953/ERR522953_Aligned.sortedByCoord.out.bam
2i_83,ERR522921,2i,/home/s2321661/Test/align/ERR522921/ERR522921_Aligned.sortedByCoord.out.bam
2i_84,ERR522930,2i,/home/s2321661/Test/align/ERR522930/ERR522930_Aligned.sortedByCoord.out.bam
2i_85,ERR523073,2i,/home/s2321661/Test/align/ERR523073/ERR523073_Aligned.sortedByCoord.out.bam
2i_86,ERR523118,2i,/home/s2321661/Test/align/ERR523118/ERR523118_Aligned.sortedByCoord.out.bam
2i_87,ERR523195,2i,/home/s2321661/Test/align/ERR523195/ERR523195_Aligned.sortedByCoord.out.bam
2i_88,ERR523097,2i,/home/s2321661/Test/align/ERR523097/ERR523097_Aligned.sortedByCoord.out.bam
2i_89,ERR522952,2i,/home/s2321661/Test/align/ERR522952/ERR522952_Aligned.sortedByCoord.out.bam
2i_9,ERR523178,2i,/home/s2321661/Test/align/ERR523178/ERR523178_Aligned.sortedByCoord.out.bam
2i_90,ERR522920,2i,/home/s2321661/Test/align/ERR522920/ERR522920_Aligned.sortedByCoord.out.bam
2i_91,ERR523051,2i,/home/s2321661/Test/align/ERR523051/ERR523051_Aligned.sortedByCoord.out.bam
2i_92,ERR522986,2i,/home/s2321661/Test/align/ERR522986/ERR522986_Aligned.sortedByCoord.out.bam
2i_93,ERR523035,2i,/home/s2321661/Test/align/ERR523035/ERR523035_Aligned.sortedByCoord.out.bam
2i_94,ERR523203,2i,/home/s2321661/Test/align/ERR523203/ERR523203_Aligned.sortedByCoord.out.bam
2i_95,ERR522955,2i,/home/s2321661/Test/align/ERR522955/ERR522955_Aligned.sortedByCoord.out.bam
2i_96,ERR523064,2i,/home/s2321661/Test/align/ERR523064/ERR523064_Aligned.sortedByCoord.out.bam
a2i_1,ERR523122,a2i,/home/s2321661/Test/align/ERR523122/ERR523122_Aligned.sortedByCoord.out.bam
a2i_10,ERR523171,a2i,/home/s2321661/Test/align/ERR523171/ERR523171_Aligned.sortedByCoord.out.bam
a2i_11,ERR522895,a2i,/home/s2321661/Test/align/ERR522895/ERR522895_Aligned.sortedByCoord.out.bam
a2i_12,ERR522845,a2i,/home/s2321661/Test/align/ERR522845/ERR522845_Aligned.sortedByCoord.out.bam
a2i_13,ERR523162,a2i,/home/s2321661/Test/align/ERR523162/ERR523162_Aligned.sortedByCoord.out.bam
a2i_14,ERR522933,a2i,/home/s2321661/Test/align/ERR522933/ERR522933_Aligned.sortedByCoord.out.bam
a2i_15,ERR522827,a2i,/home/s2321661/Test/align/ERR522827/ERR522827_Aligned.sortedByCoord.out.bam
a2i_16,ERR522919,a2i,/home/s2321661/Test/align/ERR522919/ERR522919_Aligned.sortedByCoord.out.bam
a2i_17,ERR522976,a2i,/home/s2321661/Test/align/ERR522976/ERR522976_Aligned.sortedByCoord.out.bam
a2i_18,ERR522947,a2i,/home/s2321661/Test/align/ERR522947/ERR522947_Aligned.sortedByCoord.out.bam
a2i_19,ERR523198,a2i,/home/s2321661/Test/align/ERR523198/ERR523198_Aligned.sortedByCoord.out.bam
a2i_2,ERR523120,a2i,/home/s2321661/Test/align/ERR523120/ERR523120_Aligned.sortedByCoord.out.bam
a2i_20,ERR523078,a2i,/home/s2321661/Test/align/ERR523078/ERR523078_Aligned.sortedByCoord.out.bam
a2i_21,ERR523115,a2i,/home/s2321661/Test/align/ERR523115/ERR523115_Aligned.sortedByCoord.out.bam
a2i_22,ERR522861,a2i,/home/s2321661/Test/align/ERR522861/ERR522861_Aligned.sortedByCoord.out.bam
a2i_23,ERR523022,a2i,/home/s2321661/Test/align/ERR523022/ERR523022_Aligned.sortedByCoord.out.bam
a2i_24,ERR523201,a2i,/home/s2321661/Test/align/ERR523201/ERR523201_Aligned.sortedByCoord.out.bam
a2i_25,ERR523018,a2i,/home/s2321661/Test/align/ERR523018/ERR523018_Aligned.sortedByCoord.out.bam
a2i_26,ERR522990,a2i,/home/s2321661/Test/align/ERR522990/ERR522990_Aligned.sortedByCoord.out.bam
a2i_27,ERR523193,a2i,/home/s2321661/Test/align/ERR523193/ERR523193_Aligned.sortedByCoord.out.bam
a2i_28,ERR523134,a2i,/home/s2321661/Test/align/ERR523134/ERR523134_Aligned.sortedByCoord.out.bam
a2i_29,ERR522926,a2i,/home/s2321661/Test/align/ERR522926/ERR522926_Aligned.sortedByCoord.out.bam
a2i_3,ERR523163,a2i,/home/s2321661/Test/align/ERR523163/ERR523163_Aligned.sortedByCoord.out.bam
a2i_3_1,ERR1211272,a2i,/home/s2321661/Test/align/ERR1211272/ERR1211272_Aligned.sortedByCoord.out.bam
a2i_3_10,ERR1211281,a2i,/home/s2321661/Test/align/ERR1211281/ERR1211281_Aligned.sortedByCoord.out.bam
a2i_3_11,ERR1211282,a2i,/home/s2321661/Test/align/ERR1211282/ERR1211282_Aligned.sortedByCoord.out.bam
a2i_3_12,ERR1211283,a2i,/home/s2321661/Test/align/ERR1211283/ERR1211283_Aligned.sortedByCoord.out.bam
a2i_3_13,ERR1211284,a2i,/home/s2321661/Test/align/ERR1211284/ERR1211284_Aligned.sortedByCoord.out.bam
a2i_3_14,ERR1211285,a2i,/home/s2321661/Test/align/ERR1211285/ERR1211285_Aligned.sortedByCoord.out.bam
a2i_3_15,ERR1211286,a2i,/home/s2321661/Test/align/ERR1211286/ERR1211286_Aligned.sortedByCoord.out.bam
a2i_3_16,ERR1211287,a2i,/home/s2321661/Test/align/ERR1211287/ERR1211287_Aligned.sortedByCoord.out.bam
a2i_3_17,ERR1211288,a2i,/home/s2321661/Test/align/ERR1211288/ERR1211288_Aligned.sortedByCoord.out.bam
a2i_3_18,ERR1211289,a2i,/home/s2321661/Test/align/ERR1211289/ERR1211289_Aligned.sortedByCoord.out.bam
a2i_3_19,ERR1211290,a2i,/home/s2321661/Test/align/ERR1211290/ERR1211290_Aligned.sortedByCoord.out.bam
a2i_3_2,ERR1211273,a2i,/home/s2321661/Test/align/ERR1211273/ERR1211273_Aligned.sortedByCoord.out.bam
a2i_3_20,ERR1211291,a2i,/home/s2321661/Test/align/ERR1211291/ERR1211291_Aligned.sortedByCoord.out.bam
a2i_3_21,ERR1211292,a2i,/home/s2321661/Test/align/ERR1211292/ERR1211292_Aligned.sortedByCoord.out.bam
a2i_3_22,ERR1211293,a2i,/home/s2321661/Test/align/ERR1211293/ERR1211293_Aligned.sortedByCoord.out.bam
a2i_3_23,ERR1211294,a2i,/home/s2321661/Test/align/ERR1211294/ERR1211294_Aligned.sortedByCoord.out.bam
a2i_3_24,ERR1211295,a2i,/home/s2321661/Test/align/ERR1211295/ERR1211295_Aligned.sortedByCoord.out.bam
a2i_3_25,ERR1211296,a2i,/home/s2321661/Test/align/ERR1211296/ERR1211296_Aligned.sortedByCoord.out.bam
a2i_3_26,ERR1211297,a2i,/home/s2321661/Test/align/ERR1211297/ERR1211297_Aligned.sortedByCoord.out.bam
a2i_3_27,ERR1211298,a2i,/home/s2321661/Test/align/ERR1211298/ERR1211298_Aligned.sortedByCoord.out.bam
a2i_3_28,ERR1211299,a2i,/home/s2321661/Test/align/ERR1211299/ERR1211299_Aligned.sortedByCoord.out.bam
a2i_3_29,ERR1211300,a2i,/home/s2321661/Test/align/ERR1211300/ERR1211300_Aligned.sortedByCoord.out.bam
a2i_3_3,ERR1211274,a2i,/home/s2321661/Test/align/ERR1211274/ERR1211274_Aligned.sortedByCoord.out.bam
a2i_3_30,ERR1211301,a2i,/home/s2321661/Test/align/ERR1211301/ERR1211301_Aligned.sortedByCoord.out.bam
a2i_3_31,ERR1211302,a2i,/home/s2321661/Test/align/ERR1211302/ERR1211302_Aligned.sortedByCoord.out.bam
a2i_3_32,ERR1211303,a2i,/home/s2321661/Test/align/ERR1211303/ERR1211303_Aligned.sortedByCoord.out.bam
a2i_3_33,ERR1211304,a2i,/home/s2321661/Test/align/ERR1211304/ERR1211304_Aligned.sortedByCoord.out.bam
a2i_3_34,ERR1211305,a2i,/home/s2321661/Test/align/ERR1211305/ERR1211305_Aligned.sortedByCoord.out.bam
a2i_3_35,ERR1211306,a2i,/home/s2321661/Test/align/ERR1211306/ERR1211306_Aligned.sortedByCoord.out.bam
a2i_3_36,ERR1211307,a2i,/home/s2321661/Test/align/ERR1211307/ERR1211307_Aligned.sortedByCoord.out.bam
a2i_3_37,ERR1211308,a2i,/home/s2321661/Test/align/ERR1211308/ERR1211308_Aligned.sortedByCoord.out.bam
a2i_3_38,ERR1211309,a2i,/home/s2321661/Test/align/ERR1211309/ERR1211309_Aligned.sortedByCoord.out.bam
a2i_3_39,ERR1211310,a2i,/home/s2321661/Test/align/ERR1211310/ERR1211310_Aligned.sortedByCoord.out.bam
a2i_3_4,ERR1211275,a2i,/home/s2321661/Test/align/ERR1211275/ERR1211275_Aligned.sortedByCoord.out.bam
a2i_3_40,ERR1211311,a2i,/home/s2321661/Test/align/ERR1211311/ERR1211311_Aligned.sortedByCoord.out.bam
a2i_3_41,ERR1211312,a2i,/home/s2321661/Test/align/ERR1211312/ERR1211312_Aligned.sortedByCoord.out.bam
a2i_3_42,ERR1211313,a2i,/home/s2321661/Test/align/ERR1211313/ERR1211313_Aligned.sortedByCoord.out.bam
a2i_3_43,ERR1211314,a2i,/home/s2321661/Test/align/ERR1211314/ERR1211314_Aligned.sortedByCoord.out.bam
a2i_3_44,ERR1211315,a2i,/home/s2321661/Test/align/ERR1211315/ERR1211315_Aligned.sortedByCoord.out.bam
a2i_3_45,ERR1211316,a2i,/home/s2321661/Test/align/ERR1211316/ERR1211316_Aligned.sortedByCoord.out.bam
a2i_3_46,ERR1211317,a2i,/home/s2321661/Test/align/ERR1211317/ERR1211317_Aligned.sortedByCoord.out.bam
a2i_3_47,ERR1211318,a2i,/home/s2321661/Test/align/ERR1211318/ERR1211318_Aligned.sortedByCoord.out.bam
a2i_3_48,ERR1211319,a2i,/home/s2321661/Test/align/ERR1211319/ERR1211319_Aligned.sortedByCoord.out.bam
a2i_3_49,ERR1211320,a2i,/home/s2321661/Test/align/ERR1211320/ERR1211320_Aligned.sortedByCoord.out.bam
a2i_3_5,ERR1211276,a2i,/home/s2321661/Test/align/ERR1211276/ERR1211276_Aligned.sortedByCoord.out.bam
a2i_3_50,ERR1211321,a2i,/home/s2321661/Test/align/ERR1211321/ERR1211321_Aligned.sortedByCoord.out.bam
a2i_3_51,ERR1211322,a2i,/home/s2321661/Test/align/ERR1211322/ERR1211322_Aligned.sortedByCoord.out.bam
a2i_3_52,ERR1211323,a2i,/home/s2321661/Test/align/ERR1211323/ERR1211323_Aligned.sortedByCoord.out.bam
a2i_3_53,ERR1211324,a2i,/home/s2321661/Test/align/ERR1211324/ERR1211324_Aligned.sortedByCoord.out.bam
a2i_3_54,ERR1211325,a2i,/home/s2321661/Test/align/ERR1211325/ERR1211325_Aligned.sortedByCoord.out.bam
a2i_3_55,ERR1211326,a2i,/home/s2321661/Test/align/ERR1211326/ERR1211326_Aligned.sortedByCoord.out.bam
a2i_3_56,ERR1211327,a2i,/home/s2321661/Test/align/ERR1211327/ERR1211327_Aligned.sortedByCoord.out.bam
a2i_3_57,ERR1211328,a2i,/home/s2321661/Test/align/ERR1211328/ERR1211328_Aligned.sortedByCoord.out.bam
a2i_3_58,ERR1211329,a2i,/home/s2321661/Test/align/ERR1211329/ERR1211329_Aligned.sortedByCoord.out.bam
a2i_3_59,ERR1211330,a2i,/home/s2321661/Test/align/ERR1211330/ERR1211330_Aligned.sortedByCoord.out.bam
a2i_3_6,ERR1211277,a2i,/home/s2321661/Test/align/ERR1211277/ERR1211277_Aligned.sortedByCoord.out.bam
a2i_3_60,ERR1211331,a2i,/home/s2321661/Test/align/ERR1211331/ERR1211331_Aligned.sortedByCoord.out.bam
a2i_3_61,ERR1211332,a2i,/home/s2321661/Test/align/ERR1211332/ERR1211332_Aligned.sortedByCoord.out.bam
a2i_3_62,ERR1211333,a2i,/home/s2321661/Test/align/ERR1211333/ERR1211333_Aligned.sortedByCoord.out.bam
a2i_3_63,ERR1211334,a2i,/home/s2321661/Test/align/ERR1211334/ERR1211334_Aligned.sortedByCoord.out.bam
a2i_3_64,ERR1211335,a2i,/home/s2321661/Test/align/ERR1211335/ERR1211335_Aligned.sortedByCoord.out.bam
a2i_3_65,ERR1211336,a2i,/home/s2321661/Test/align/ERR1211336/ERR1211336_Aligned.sortedByCoord.out.bam
a2i_3_66,ERR1211337,a2i,/home/s2321661/Test/align/ERR1211337/ERR1211337_Aligned.sortedByCoord.out.bam
a2i_3_67,ERR1211338,a2i,/home/s2321661/Test/align/ERR1211338/ERR1211338_Aligned.sortedByCoord.out.bam
a2i_3_68,ERR1211339,a2i,/home/s2321661/Test/align/ERR1211339/ERR1211339_Aligned.sortedByCoord.out.bam
a2i_3_69,ERR1211340,a2i,/home/s2321661/Test/align/ERR1211340/ERR1211340_Aligned.sortedByCoord.out.bam
a2i_3_7,ERR1211278,a2i,/home/s2321661/Test/align/ERR1211278/ERR1211278_Aligned.sortedByCoord.out.bam
a2i_3_70,ERR1211341,a2i,/home/s2321661/Test/align/ERR1211341/ERR1211341_Aligned.sortedByCoord.out.bam
a2i_3_71,ERR1211342,a2i,/home/s2321661/Test/align/ERR1211342/ERR1211342_Aligned.sortedByCoord.out.bam
a2i_3_72,ERR1211343,a2i,/home/s2321661/Test/align/ERR1211343/ERR1211343_Aligned.sortedByCoord.out.bam
a2i_3_73,ERR1211344,a2i,/home/s2321661/Test/align/ERR1211344/ERR1211344_Aligned.sortedByCoord.out.bam
a2i_3_74,ERR1211345,a2i,/home/s2321661/Test/align/ERR1211345/ERR1211345_Aligned.sortedByCoord.out.bam
a2i_3_75,ERR1211346,a2i,/home/s2321661/Test/align/ERR1211346/ERR1211346_Aligned.sortedByCoord.out.bam
a2i_3_76,ERR1211347,a2i,/home/s2321661/Test/align/ERR1211347/ERR1211347_Aligned.sortedByCoord.out.bam
a2i_3_77,ERR1211348,a2i,/home/s2321661/Test/align/ERR1211348/ERR1211348_Aligned.sortedByCoord.out.bam
a2i_3_78,ERR1211349,a2i,/home/s2321661/Test/align/ERR1211349/ERR1211349_Aligned.sortedByCoord.out.bam
a2i_3_79,ERR1211350,a2i,/home/s2321661/Test/align/ERR1211350/ERR1211350_Aligned.sortedByCoord.out.bam
a2i_3_8,ERR1211279,a2i,/home/s2321661/Test/align/ERR1211279/ERR1211279_Aligned.sortedByCoord.out.bam
a2i_3_80,ERR1211351,a2i,/home/s2321661/Test/align/ERR1211351/ERR1211351_Aligned.sortedByCoord.out.bam
a2i_3_81,ERR1211352,a2i,/home/s2321661/Test/align/ERR1211352/ERR1211352_Aligned.sortedByCoord.out.bam
a2i_3_82,ERR1211353,a2i,/home/s2321661/Test/align/ERR1211353/ERR1211353_Aligned.sortedByCoord.out.bam
a2i_3_83,ERR1211354,a2i,/home/s2321661/Test/align/ERR1211354/ERR1211354_Aligned.sortedByCoord.out.bam
a2i_3_84,ERR1211355,a2i,/home/s2321661/Test/align/ERR1211355/ERR1211355_Aligned.sortedByCoord.out.bam
a2i_3_85,ERR1211356,a2i,/home/s2321661/Test/align/ERR1211356/ERR1211356_Aligned.sortedByCoord.out.bam
a2i_3_86,ERR1211357,a2i,/home/s2321661/Test/align/ERR1211357/ERR1211357_Aligned.sortedByCoord.out.bam
a2i_3_87,ERR1211358,a2i,/home/s2321661/Test/align/ERR1211358/ERR1211358_Aligned.sortedByCoord.out.bam
a2i_3_88,ERR1211359,a2i,/home/s2321661/Test/align/ERR1211359/ERR1211359_Aligned.sortedByCoord.out.bam
a2i_3_89,ERR1211360,a2i,/home/s2321661/Test/align/ERR1211360/ERR1211360_Aligned.sortedByCoord.out.bam
a2i_3_9,ERR1211280,a2i,/home/s2321661/Test/align/ERR1211280/ERR1211280_Aligned.sortedByCoord.out.bam
a2i_3_90,ERR1211361,a2i,/home/s2321661/Test/align/ERR1211361/ERR1211361_Aligned.sortedByCoord.out.bam
a2i_3_91,ERR1211362,a2i,/home/s2321661/Test/align/ERR1211362/ERR1211362_Aligned.sortedByCoord.out.bam
a2i_3_92,ERR1211363,a2i,/home/s2321661/Test/align/ERR1211363/ERR1211363_Aligned.sortedByCoord.out.bam
a2i_3_93,ERR1211364,a2i,/home/s2321661/Test/align/ERR1211364/ERR1211364_Aligned.sortedByCoord.out.bam
a2i_3_94,ERR1211365,a2i,/home/s2321661/Test/align/ERR1211365/ERR1211365_Aligned.sortedByCoord.out.bam
a2i_3_95,ERR1211366,a2i,/home/s2321661/Test/align/ERR1211366/ERR1211366_Aligned.sortedByCoord.out.bam
a2i_3_96,ERR1211367,a2i,/home/s2321661/Test/align/ERR1211367/ERR1211367_Aligned.sortedByCoord.out.bam
a2i_30,ERR523137,a2i,/home/s2321661/Test/align/ERR523137/ERR523137_Aligned.sortedByCoord.out.bam
a2i_31,ERR523042,a2i,/home/s2321661/Test/align/ERR523042/ERR523042_Aligned.sortedByCoord.out.bam
a2i_32,ERR522898,a2i,/home/s2321661/Test/align/ERR522898/ERR522898_Aligned.sortedByCoord.out.bam
a2i_33,ERR522988,a2i,/home/s2321661/Test/align/ERR522988/ERR522988_Aligned.sortedByCoord.out.bam
a2i_34,ERR522936,a2i,/home/s2321661/Test/align/ERR522936/ERR522936_Aligned.sortedByCoord.out.bam
a2i_35,ERR523172,a2i,/home/s2321661/Test/align/ERR523172/ERR523172_Aligned.sortedByCoord.out.bam
a2i_36,ERR523108,a2i,/home/s2321661/Test/align/ERR523108/ERR523108_Aligned.sortedByCoord.out.bam
a2i_37,ERR523101,a2i,/home/s2321661/Test/align/ERR523101/ERR523101_Aligned.sortedByCoord.out.bam
a2i_38,ERR522975,a2i,/home/s2321661/Test/align/ERR522975/ERR522975_Aligned.sortedByCoord.out.bam
a2i_39,ERR522964,a2i,/home/s2321661/Test/align/ERR522964/ERR522964_Aligned.sortedByCoord.out.bam
a2i_4,ERR522856,a2i,/home/s2321661/Test/align/ERR522856/ERR522856_Aligned.sortedByCoord.out.bam
a2i_40,ERR522839,a2i,/home/s2321661/Test/align/ERR522839/ERR522839_Aligned.sortedByCoord.out.bam
a2i_41,ERR523034,a2i,/home/s2321661/Test/align/ERR523034/ERR523034_Aligned.sortedByCoord.out.bam
a2i_42,ERR522978,a2i,/home/s2321661/Test/align/ERR522978/ERR522978_Aligned.sortedByCoord.out.bam
a2i_43,ERR523057,a2i,/home/s2321661/Test/align/ERR523057/ERR523057_Aligned.sortedByCoord.out.bam
a2i_44,ERR522900,a2i,/home/s2321661/Test/align/ERR522900/ERR522900_Aligned.sortedByCoord.out.bam
a2i_45,ERR523016,a2i,/home/s2321661/Test/align/ERR523016/ERR523016_Aligned.sortedByCoord.out.bam
a2i_46,ERR522970,a2i,/home/s2321661/Test/align/ERR522970/ERR522970_Aligned.sortedByCoord.out.bam
a2i_47,ERR522837,a2i,/home/s2321661/Test/align/ERR522837/ERR522837_Aligned.sortedByCoord.out.bam
a2i_48,ERR522848,a2i,/home/s2321661/Test/align/ERR522848/ERR522848_Aligned.sortedByCoord.out.bam
a2i_49,ERR522846,a2i,/home/s2321661/Test/align/ERR522846/ERR522846_Aligned.sortedByCoord.out.bam
a2i_5,ERR523074,a2i,/home/s2321661/Test/align/ERR523074/ERR523074_Aligned.sortedByCoord.out.bam
a2i_50,ERR522890,a2i,/home/s2321661/Test/align/ERR522890/ERR522890_Aligned.sortedByCoord.out.bam
a2i_51,ERR522828,a2i,/home/s2321661/Test/align/ERR522828/ERR522828_Aligned.sortedByCoord.out.bam
a2i_52,ERR523110,a2i,/home/s2321661/Test/align/ERR523110/ERR523110_Aligned.sortedByCoord.out.bam
a2i_53,ERR522958,a2i,/home/s2321661/Test/align/ERR522958/ERR522958_Aligned.sortedByCoord.out.bam
a2i_54,ERR522880,a2i,/home/s2321661/Test/align/ERR522880/ERR522880_Aligned.sortedByCoord.out.bam
a2i_55,ERR523054,a2i,/home/s2321661/Test/align/ERR523054/ERR523054_Aligned.sortedByCoord.out.bam
a2i_56,ERR522943,a2i,/home/s2321661/Test/align/ERR522943/ERR522943_Aligned.sortedByCoord.out.bam
a2i_57,ERR523030,a2i,/home/s2321661/Test/align/ERR523030/ERR523030_Aligned.sortedByCoord.out.bam
a2i_58,ERR522954,a2i,/home/s2321661/Test/align/ERR522954/ERR522954_Aligned.sortedByCoord.out.bam
a2i_59,ERR522826,a2i,/home/s2321661/Test/align/ERR522826/ERR522826_Aligned.sortedByCoord.out.bam
a2i_6,ERR522928,a2i,/home/s2321661/Test/align/ERR522928/ERR522928_Aligned.sortedByCoord.out.bam
a2i_60,ERR523079,a2i,/home/s2321661/Test/align/ERR523079/ERR523079_Aligned.sortedByCoord.out.bam
a2i_61,ERR522894,a2i,/home/s2321661/Test/align/ERR522894/ERR522894_Aligned.sortedByCoord.out.bam
a2i_62,ERR522891,a2i,/home/s2321661/Test/align/ERR522891/ERR522891_Aligned.sortedByCoord.out.bam
a2i_63,ERR523041,a2i,/home/s2321661/Test/align/ERR523041/ERR523041_Aligned.sortedByCoord.out.bam
a2i_64,ERR523055,a2i,/home/s2321661/Test/align/ERR523055/ERR523055_Aligned.sortedByCoord.out.bam
a2i_65,ERR523098,a2i,/home/s2321661/Test/align/ERR523098/ERR523098_Aligned.sortedByCoord.out.bam
a2i_66,ERR523189,a2i,/home/s2321661/Test/align/ERR523189/ERR523189_Aligned.sortedByCoord.out.bam
a2i_67,ERR523187,a2i,/home/s2321661/Test/align/ERR523187/ERR523187_Aligned.sortedByCoord.out.bam
a2i_68,ERR522908,a2i,/home/s2321661/Test/align/ERR522908/ERR522908_Aligned.sortedByCoord.out.bam
a2i_69,ERR523015,a2i,/home/s2321661/Test/align/ERR523015/ERR523015_Aligned.sortedByCoord.out.bam
a2i_7,ERR522932,a2i,/home/s2321661/Test/align/ERR522932/ERR522932_Aligned.sortedByCoord.out.bam
a2i_70,ERR523190,a2i,/home/s2321661/Test/align/ERR523190/ERR523190_Aligned.sortedByCoord.out.bam
a2i_71,ERR522832,a2i,/home/s2321661/Test/align/ERR522832/ERR522832_Aligned.sortedByCoord.out.bam
a2i_72,ERR523068,a2i,/home/s2321661/Test/align/ERR523068/ERR523068_Aligned.sortedByCoord.out.bam
a2i_73,ERR523014,a2i,/home/s2321661/Test/align/ERR523014/ERR523014_Aligned.sortedByCoord.out.bam
a2i_74,ERR523025,a2i,/home/s2321661/Test/align/ERR523025/ERR523025_Aligned.sortedByCoord.out.bam
a2i_75,ERR522985,a2i,/home/s2321661/Test/align/ERR522985/ERR522985_Aligned.sortedByCoord.out.bam
a2i_76,ERR523048,a2i,/home/s2321661/Test/align/ERR523048/ERR523048_Aligned.sortedByCoord.out.bam
a2i_77,ERR523147,a2i,/home/s2321661/Test/align/ERR523147/ERR523147_Aligned.sortedByCoord.out.bam
a2i_78,ERR522983,a2i,/home/s2321661/Test/align/ERR522983/ERR522983_Aligned.sortedByCoord.out.bam
a2i_79,ERR523095,a2i,/home/s2321661/Test/align/ERR523095/ERR523095_Aligned.sortedByCoord.out.bam
a2i_8,ERR523065,a2i,/home/s2321661/Test/align/ERR523065/ERR523065_Aligned.sortedByCoord.out.bam
a2i_80,ERR523052,a2i,/home/s2321661/Test/align/ERR523052/ERR523052_Aligned.sortedByCoord.out.bam
a2i_81,ERR523044,a2i,/home/s2321661/Test/align/ERR523044/ERR523044_Aligned.sortedByCoord.out.bam
a2i_82,ERR523138,a2i,/home/s2321661/Test/align/ERR523138/ERR523138_Aligned.sortedByCoord.out.bam
a2i_83,ERR523151,a2i,/home/s2321661/Test/align/ERR523151/ERR523151_Aligned.sortedByCoord.out.bam
a2i_84,ERR523003,a2i,/home/s2321661/Test/align/ERR523003/ERR523003_Aligned.sortedByCoord.out.bam
a2i_85,ERR523177,a2i,/home/s2321661/Test/align/ERR523177/ERR523177_Aligned.sortedByCoord.out.bam
a2i_86,ERR523067,a2i,/home/s2321661/Test/align/ERR523067/ERR523067_Aligned.sortedByCoord.out.bam
a2i_87,ERR523045,a2i,/home/s2321661/Test/align/ERR523045/ERR523045_Aligned.sortedByCoord.out.bam
a2i_88,ERR522977,a2i,/home/s2321661/Test/align/ERR522977/ERR522977_Aligned.sortedByCoord.out.bam
a2i_89,ERR523058,a2i,/home/s2321661/Test/align/ERR523058/ERR523058_Aligned.sortedByCoord.out.bam
a2i_9,ERR523103,a2i,/home/s2321661/Test/align/ERR523103/ERR523103_Aligned.sortedByCoord.out.bam
a2i_90,ERR522935,a2i,/home/s2321661/Test/align/ERR522935/ERR522935_Aligned.sortedByCoord.out.bam
a2i_91,ERR522915,a2i,/home/s2321661/Test/align/ERR522915/ERR522915_Aligned.sortedByCoord.out.bam
a2i_92,ERR523013,a2i,/home/s2321661/Test/align/ERR523013/ERR523013_Aligned.sortedByCoord.out.bam
a2i_93,ERR523133,a2i,/home/s2321661/Test/align/ERR523133/ERR523133_Aligned.sortedByCoord.out.bam
a2i_94,ERR522914,a2i,/home/s2321661/Test/align/ERR522914/ERR522914_Aligned.sortedByCoord.out.bam
a2i_95,ERR523049,a2i,/home/s2321661/Test/align/ERR523049/ERR523049_Aligned.sortedByCoord.out.bam
a2i_96,ERR523012,a2i,/home/s2321661/Test/align/ERR523012/ERR523012_Aligned.sortedByCoord.out.bam
serum_3_1,ERR1211368,serum,/home/s2321661/Test/align/ERR1211368/ERR1211368_Aligned.sortedByCoord.out.bam
serum_3_10,ERR1211377,serum,/home/s2321661/Test/align/ERR1211377/ERR1211377_Aligned.sortedByCoord.out.bam
serum_3_11,ERR1211378,serum,/home/s2321661/Test/align/ERR1211378/ERR1211378_Aligned.sortedByCoord.out.bam
serum_3_12,ERR1211379,serum,/home/s2321661/Test/align/ERR1211379/ERR1211379_Aligned.sortedByCoord.out.bam
serum_3_13,ERR1211380,serum,/home/s2321661/Test/align/ERR1211380/ERR1211380_Aligned.sortedByCoord.out.bam
serum_3_14,ERR1211381,serum,/home/s2321661/Test/align/ERR1211381/ERR1211381_Aligned.sortedByCoord.out.bam
serum_3_15,ERR1211382,serum,/home/s2321661/Test/align/ERR1211382/ERR1211382_Aligned.sortedByCoord.out.bam
serum_3_16,ERR1211383,serum,/home/s2321661/Test/align/ERR1211383/ERR1211383_Aligned.sortedByCoord.out.bam
serum_3_17,ERR1211384,serum,/home/s2321661/Test/align/ERR1211384/ERR1211384_Aligned.sortedByCoord.out.bam
serum_3_18,ERR1211385,serum,/home/s2321661/Test/align/ERR1211385/ERR1211385_Aligned.sortedByCoord.out.bam
serum_3_19,ERR1211386,serum,/home/s2321661/Test/align/ERR1211386/ERR1211386_Aligned.sortedByCoord.out.bam
serum_3_2,ERR1211369,serum,/home/s2321661/Test/align/ERR1211369/ERR1211369_Aligned.sortedByCoord.out.bam
serum_3_20,ERR1211387,serum,/home/s2321661/Test/align/ERR1211387/ERR1211387_Aligned.sortedByCoord.out.bam
serum_3_21,ERR1211388,serum,/home/s2321661/Test/align/ERR1211388/ERR1211388_Aligned.sortedByCoord.out.bam
serum_3_22,ERR1211389,serum,/home/s2321661/Test/align/ERR1211389/ERR1211389_Aligned.sortedByCoord.out.bam
serum_3_23,ERR1211390,serum,/home/s2321661/Test/align/ERR1211390/ERR1211390_Aligned.sortedByCoord.out.bam
serum_3_24,ERR1211391,serum,/home/s2321661/Test/align/ERR1211391/ERR1211391_Aligned.sortedByCoord.out.bam
serum_3_25,ERR1211392,serum,/home/s2321661/Test/align/ERR1211392/ERR1211392_Aligned.sortedByCoord.out.bam
serum_3_26,ERR1211393,serum,/home/s2321661/Test/align/ERR1211393/ERR1211393_Aligned.sortedByCoord.out.bam
serum_3_27,ERR1211394,serum,/home/s2321661/Test/align/ERR1211394/ERR1211394_Aligned.sortedByCoord.out.bam
serum_3_28,ERR1211395,serum,/home/s2321661/Test/align/ERR1211395/ERR1211395_Aligned.sortedByCoord.out.bam
serum_3_29,ERR1211396,serum,/home/s2321661/Test/align/ERR1211396/ERR1211396_Aligned.sortedByCoord.out.bam
serum_3_3,ERR1211370,serum,/home/s2321661/Test/align/ERR1211370/ERR1211370_Aligned.sortedByCoord.out.bam
serum_3_30,ERR1211397,serum,/home/s2321661/Test/align/ERR1211397/ERR1211397_Aligned.sortedByCoord.out.bam
serum_3_31,ERR1211398,serum,/home/s2321661/Test/align/ERR1211398/ERR1211398_Aligned.sortedByCoord.out.bam
serum_3_32,ERR1211399,serum,/home/s2321661/Test/align/ERR1211399/ERR1211399_Aligned.sortedByCoord.out.bam
serum_3_33,ERR1211400,serum,/home/s2321661/Test/align/ERR1211400/ERR1211400_Aligned.sortedByCoord.out.bam
serum_3_34,ERR1211401,serum,/home/s2321661/Test/align/ERR1211401/ERR1211401_Aligned.sortedByCoord.out.bam
serum_3_35,ERR1211402,serum,/home/s2321661/Test/align/ERR1211402/ERR1211402_Aligned.sortedByCoord.out.bam
serum_3_36,ERR1211403,serum,/home/s2321661/Test/align/ERR1211403/ERR1211403_Aligned.sortedByCoord.out.bam
serum_3_37,ERR1211404,serum,/home/s2321661/Test/align/ERR1211404/ERR1211404_Aligned.sortedByCoord.out.bam
serum_3_38,ERR1211405,serum,/home/s2321661/Test/align/ERR1211405/ERR1211405_Aligned.sortedByCoord.out.bam
serum_3_39,ERR1211406,serum,/home/s2321661/Test/align/ERR1211406/ERR1211406_Aligned.sortedByCoord.out.bam
serum_3_4,ERR1211371,serum,/home/s2321661/Test/align/ERR1211371/ERR1211371_Aligned.sortedByCoord.out.bam
serum_3_40,ERR1211407,serum,/home/s2321661/Test/align/ERR1211407/ERR1211407_Aligned.sortedByCoord.out.bam
serum_3_41,ERR1211408,serum,/home/s2321661/Test/align/ERR1211408/ERR1211408_Aligned.sortedByCoord.out.bam
serum_3_42,ERR1211409,serum,/home/s2321661/Test/align/ERR1211409/ERR1211409_Aligned.sortedByCoord.out.bam
serum_3_43,ERR1211410,serum,/home/s2321661/Test/align/ERR1211410/ERR1211410_Aligned.sortedByCoord.out.bam
serum_3_44,ERR1211411,serum,/home/s2321661/Test/align/ERR1211411/ERR1211411_Aligned.sortedByCoord.out.bam
serum_3_45,ERR1211412,serum,/home/s2321661/Test/align/ERR1211412/ERR1211412_Aligned.sortedByCoord.out.bam
serum_3_46,ERR1211413,serum,/home/s2321661/Test/align/ERR1211413/ERR1211413_Aligned.sortedByCoord.out.bam
serum_3_47,ERR1211414,serum,/home/s2321661/Test/align/ERR1211414/ERR1211414_Aligned.sortedByCoord.out.bam
serum_3_48,ERR1211415,serum,/home/s2321661/Test/align/ERR1211415/ERR1211415_Aligned.sortedByCoord.out.bam
serum_3_49,ERR1211416,serum,/home/s2321661/Test/align/ERR1211416/ERR1211416_Aligned.sortedByCoord.out.bam
serum_3_5,ERR1211372,serum,/home/s2321661/Test/align/ERR1211372/ERR1211372_Aligned.sortedByCoord.out.bam
serum_3_50,ERR1211417,serum,/home/s2321661/Test/align/ERR1211417/ERR1211417_Aligned.sortedByCoord.out.bam
serum_3_51,ERR1211418,serum,/home/s2321661/Test/align/ERR1211418/ERR1211418_Aligned.sortedByCoord.out.bam
serum_3_52,ERR1211419,serum,/home/s2321661/Test/align/ERR1211419/ERR1211419_Aligned.sortedByCoord.out.bam
serum_3_53,ERR1211420,serum,/home/s2321661/Test/align/ERR1211420/ERR1211420_Aligned.sortedByCoord.out.bam
serum_3_54,ERR1211421,serum,/home/s2321661/Test/align/ERR1211421/ERR1211421_Aligned.sortedByCoord.out.bam
serum_3_55,ERR1211422,serum,/home/s2321661/Test/align/ERR1211422/ERR1211422_Aligned.sortedByCoord.out.bam
serum_3_56,ERR1211423,serum,/home/s2321661/Test/align/ERR1211423/ERR1211423_Aligned.sortedByCoord.out.bam
serum_3_57,ERR1211424,serum,/home/s2321661/Test/align/ERR1211424/ERR1211424_Aligned.sortedByCoord.out.bam
serum_3_58,ERR1211425,serum,/home/s2321661/Test/align/ERR1211425/ERR1211425_Aligned.sortedByCoord.out.bam
serum_3_59,ERR1211426,serum,/home/s2321661/Test/align/ERR1211426/ERR1211426_Aligned.sortedByCoord.out.bam
serum_3_6,ERR1211373,serum,/home/s2321661/Test/align/ERR1211373/ERR1211373_Aligned.sortedByCoord.out.bam
serum_3_60,ERR1211427,serum,/home/s2321661/Test/align/ERR1211427/ERR1211427_Aligned.sortedByCoord.out.bam
serum_3_61,ERR1211428,serum,/home/s2321661/Test/align/ERR1211428/ERR1211428_Aligned.sortedByCoord.out.bam
serum_3_62,ERR1211429,serum,/home/s2321661/Test/align/ERR1211429/ERR1211429_Aligned.sortedByCoord.out.bam
serum_3_63,ERR1211430,serum,/home/s2321661/Test/align/ERR1211430/ERR1211430_Aligned.sortedByCoord.out.bam
serum_3_64,ERR1211431,serum,/home/s2321661/Test/align/ERR1211431/ERR1211431_Aligned.sortedByCoord.out.bam
serum_3_65,ERR1211432,serum,/home/s2321661/Test/align/ERR1211432/ERR1211432_Aligned.sortedByCoord.out.bam
serum_3_66,ERR1211433,serum,/home/s2321661/Test/align/ERR1211433/ERR1211433_Aligned.sortedByCoord.out.bam
serum_3_67,ERR1211434,serum,/home/s2321661/Test/align/ERR1211434/ERR1211434_Aligned.sortedByCoord.out.bam
serum_3_68,ERR1211435,serum,/home/s2321661/Test/align/ERR1211435/ERR1211435_Aligned.sortedByCoord.out.bam
serum_3_69,ERR1211436,serum,/home/s2321661/Test/align/ERR1211436/ERR1211436_Aligned.sortedByCoord.out.bam
serum_3_7,ERR1211374,serum,/home/s2321661/Test/align/ERR1211374/ERR1211374_Aligned.sortedByCoord.out.bam
serum_3_70,ERR1211437,serum,/home/s2321661/Test/align/ERR1211437/ERR1211437_Aligned.sortedByCoord.out.bam
serum_3_71,ERR1211438,serum,/home/s2321661/Test/align/ERR1211438/ERR1211438_Aligned.sortedByCoord.out.bam
serum_3_72,ERR1211439,serum,/home/s2321661/Test/align/ERR1211439/ERR1211439_Aligned.sortedByCoord.out.bam
serum_3_73,ERR1211440,serum,/home/s2321661/Test/align/ERR1211440/ERR1211440_Aligned.sortedByCoord.out.bam
serum_3_74,ERR1211441,serum,/home/s2321661/Test/align/ERR1211441/ERR1211441_Aligned.sortedByCoord.out.bam
serum_3_75,ERR1211442,serum,/home/s2321661/Test/align/ERR1211442/ERR1211442_Aligned.sortedByCoord.out.bam
serum_3_76,ERR1211443,serum,/home/s2321661/Test/align/ERR1211443/ERR1211443_Aligned.sortedByCoord.out.bam
serum_3_77,ERR1211444,serum,/home/s2321661/Test/align/ERR1211444/ERR1211444_Aligned.sortedByCoord.out.bam
serum_3_78,ERR1211445,serum,/home/s2321661/Test/align/ERR1211445/ERR1211445_Aligned.sortedByCoord.out.bam
serum_3_79,ERR1211446,serum,/home/s2321661/Test/align/ERR1211446/ERR1211446_Aligned.sortedByCoord.out.bam
serum_3_8,ERR1211375,serum,/home/s2321661/Test/align/ERR1211375/ERR1211375_Aligned.sortedByCoord.out.bam
serum_3_80,ERR1211447,serum,/home/s2321661/Test/align/ERR1211447/ERR1211447_Aligned.sortedByCoord.out.bam
serum_3_81,ERR1211448,serum,/home/s2321661/Test/align/ERR1211448/ERR1211448_Aligned.sortedByCoord.out.bam
serum_3_82,ERR1211449,serum,/home/s2321661/Test/align/ERR1211449/ERR1211449_Aligned.sortedByCoord.out.bam
serum_3_83,ERR1211450,serum,/home/s2321661/Test/align/ERR1211450/ERR1211450_Aligned.sortedByCoord.out.bam
serum_3_84,ERR1211451,serum,/home/s2321661/Test/align/ERR1211451/ERR1211451_Aligned.sortedByCoord.out.bam
serum_3_85,ERR1211452,serum,/home/s2321661/Test/align/ERR1211452/ERR1211452_Aligned.sortedByCoord.out.bam
serum_3_86,ERR1211453,serum,/home/s2321661/Test/align/ERR1211453/ERR1211453_Aligned.sortedByCoord.out.bam
serum_3_87,ERR1211454,serum,/home/s2321661/Test/align/ERR1211454/ERR1211454_Aligned.sortedByCoord.out.bam
serum_3_88,ERR1211455,serum,/home/s2321661/Test/align/ERR1211455/ERR1211455_Aligned.sortedByCoord.out.bam
serum_3_89,ERR1211456,serum,/home/s2321661/Test/align/ERR1211456/ERR1211456_Aligned.sortedByCoord.out.bam
serum_3_9,ERR1211376,serum,/home/s2321661/Test/align/ERR1211376/ERR1211376_Aligned.sortedByCoord.out.bam
serum_3_90,ERR1211457,serum,/home/s2321661/Test/align/ERR1211457/ERR1211457_Aligned.sortedByCoord.out.bam
serum_3_91,ERR1211458,serum,/home/s2321661/Test/align/ERR1211458/ERR1211458_Aligned.sortedByCoord.out.bam
serum_3_92,ERR1211459,serum,/home/s2321661/Test/align/ERR1211459/ERR1211459_Aligned.sortedByCoord.out.bam
serum_3_93,ERR1211460,serum,/home/s2321661/Test/align/ERR1211460/ERR1211460_Aligned.sortedByCoord.out.bam
serum_3_94,ERR1211461,serum,/home/s2321661/Test/align/ERR1211461/ERR1211461_Aligned.sortedByCoord.out.bam
serum_3_95,ERR1211462,serum,/home/s2321661/Test/align/ERR1211462/ERR1211462_Aligned.sortedByCoord.out.bam
serum_3_96,ERR1211463,serum,/home/s2321661/Test/align/ERR1211463/ERR1211463_Aligned.sortedByCoord.out.bam
serum1_1,ERR523033,serum,/home/s2321661/Test/align/ERR523033/ERR523033_Aligned.sortedByCoord.out.bam
serum1_10,ERR523196,serum,/home/s2321661/Test/align/ERR523196/ERR523196_Aligned.sortedByCoord.out.bam
serum1_11,ERR522893,serum,/home/s2321661/Test/align/ERR522893/ERR522893_Aligned.sortedByCoord.out.bam
serum1_12,ERR523200,serum,/home/s2321661/Test/align/ERR523200/ERR523200_Aligned.sortedByCoord.out.bam
serum1_13,ERR522971,serum,/home/s2321661/Test/align/ERR522971/ERR522971_Aligned.sortedByCoord.out.bam
serum1_14,ERR522945,serum,/home/s2321661/Test/align/ERR522945/ERR522945_Aligned.sortedByCoord.out.bam
serum1_15,ERR523152,serum,/home/s2321661/Test/align/ERR523152/ERR523152_Aligned.sortedByCoord.out.bam
serum1_16,ERR522967,serum,/home/s2321661/Test/align/ERR522967/ERR522967_Aligned.sortedByCoord.out.bam
serum1_17,ERR523129,serum,/home/s2321661/Test/align/ERR523129/ERR523129_Aligned.sortedByCoord.out.bam
serum1_18,ERR522877,serum,/home/s2321661/Test/align/ERR522877/ERR522877_Aligned.sortedByCoord.out.bam
serum1_19,ERR523047,serum,/home/s2321661/Test/align/ERR523047/ERR523047_Aligned.sortedByCoord.out.bam
serum1_2,ERR522972,serum,/home/s2321661/Test/align/ERR522972/ERR522972_Aligned.sortedByCoord.out.bam
serum1_20,ERR523166,serum,/home/s2321661/Test/align/ERR523166/ERR523166_Aligned.sortedByCoord.out.bam
serum1_21,ERR522854,serum,/home/s2321661/Test/align/ERR522854/ERR522854_Aligned.sortedByCoord.out.bam
serum1_22,ERR523023,serum,/home/s2321661/Test/align/ERR523023/ERR523023_Aligned.sortedByCoord.out.bam
serum1_23,ERR522923,serum,/home/s2321661/Test/align/ERR522923/ERR522923_Aligned.sortedByCoord.out.bam
serum1_24,ERR523099,serum,/home/s2321661/Test/align/ERR523099/ERR523099_Aligned.sortedByCoord.out.bam
serum1_25,ERR522897,serum,/home/s2321661/Test/align/ERR522897/ERR522897_Aligned.sortedByCoord.out.bam
serum1_26,ERR522942,serum,/home/s2321661/Test/align/ERR522942/ERR522942_Aligned.sortedByCoord.out.bam
serum1_27,ERR522905,serum,/home/s2321661/Test/align/ERR522905/ERR522905_Aligned.sortedByCoord.out.bam
serum1_28,ERR522916,serum,/home/s2321661/Test/align/ERR522916/ERR522916_Aligned.sortedByCoord.out.bam
serum1_29,ERR523071,serum,/home/s2321661/Test/align/ERR523071/ERR523071_Aligned.sortedByCoord.out.bam
serum1_3,ERR523021,serum,/home/s2321661/Test/align/ERR523021/ERR523021_Aligned.sortedByCoord.out.bam
serum1_30,ERR522968,serum,/home/s2321661/Test/align/ERR522968/ERR522968_Aligned.sortedByCoord.out.bam
serum1_31,ERR523043,serum,/home/s2321661/Test/align/ERR523043/ERR523043_Aligned.sortedByCoord.out.bam
serum1_32,ERR523182,serum,/home/s2321661/Test/align/ERR523182/ERR523182_Aligned.sortedByCoord.out.bam
serum1_33,ERR523085,serum,/home/s2321661/Test/align/ERR523085/ERR523085_Aligned.sortedByCoord.out.bam
serum1_34,ERR522903,serum,/home/s2321661/Test/align/ERR522903/ERR522903_Aligned.sortedByCoord.out.bam
serum1_35,ERR523139,serum,/home/s2321661/Test/align/ERR523139/ERR523139_Aligned.sortedByCoord.out.bam
serum1_36,ERR522951,serum,/home/s2321661/Test/align/ERR522951/ERR522951_Aligned.sortedByCoord.out.bam
serum1_37,ERR523086,serum,/home/s2321661/Test/align/ERR523086/ERR523086_Aligned.sortedByCoord.out.bam
serum1_38,ERR522993,serum,/home/s2321661/Test/align/ERR522993/ERR522993_Aligned.sortedByCoord.out.bam
serum1_39,ERR522904,serum,/home/s2321661/Test/align/ERR522904/ERR522904_Aligned.sortedByCoord.out.bam
serum1_4,ERR522981,serum,/home/s2321661/Test/align/ERR522981/ERR522981_Aligned.sortedByCoord.out.bam
serum1_40,ERR523053,serum,/home/s2321661/Test/align/ERR523053/ERR523053_Aligned.sortedByCoord.out.bam
serum1_41,ERR522823,serum,/home/s2321661/Test/align/ERR522823/ERR522823_Aligned.sortedByCoord.out.bam
serum1_42,ERR523069,serum,/home/s2321661/Test/align/ERR523069/ERR523069_Aligned.sortedByCoord.out.bam
serum1_43,ERR523173,serum,/home/s2321661/Test/align/ERR523173/ERR523173_Aligned.sortedByCoord.out.bam
serum1_44,ERR523128,serum,/home/s2321661/Test/align/ERR523128/ERR523128_Aligned.sortedByCoord.out.bam
serum1_45,ERR522982,serum,/home/s2321661/Test/align/ERR522982/ERR522982_Aligned.sortedByCoord.out.bam
serum1_46,ERR522840,serum,/home/s2321661/Test/align/ERR522840/ERR522840_Aligned.sortedByCoord.out.bam
serum1_47,ERR523148,serum,/home/s2321661/Test/align/ERR523148/ERR523148_Aligned.sortedByCoord.out.bam
serum1_48,ERR522980,serum,/home/s2321661/Test/align/ERR522980/ERR522980_Aligned.sortedByCoord.out.bam
serum1_49,ERR523146,serum,/home/s2321661/Test/align/ERR523146/ERR523146_Aligned.sortedByCoord.out.bam
serum1_5,ERR523038,serum,/home/s2321661/Test/align/ERR523038/ERR523038_Aligned.sortedByCoord.out.bam
serum1_50,ERR522835,serum,/home/s2321661/Test/align/ERR522835/ERR522835_Aligned.sortedByCoord.out.bam
serum1_51,ERR522836,serum,/home/s2321661/Test/align/ERR522836/ERR522836_Aligned.sortedByCoord.out.bam
serum1_52,ERR523192,serum,/home/s2321661/Test/align/ERR523192/ERR523192_Aligned.sortedByCoord.out.bam
serum1_53,ERR523117,serum,/home/s2321661/Test/align/ERR523117/ERR523117_Aligned.sortedByCoord.out.bam
serum1_54,ERR523131,serum,/home/s2321661/Test/align/ERR523131/ERR523131_Aligned.sortedByCoord.out.bam
serum1_55,ERR522867,serum,/home/s2321661/Test/align/ERR522867/ERR522867_Aligned.sortedByCoord.out.bam
serum1_56,ERR523083,serum,/home/s2321661/Test/align/ERR523083/ERR523083_Aligned.sortedByCoord.out.bam
serum1_57,ERR522969,serum,/home/s2321661/Test/align/ERR522969/ERR522969_Aligned.sortedByCoord.out.bam
serum1_58,ERR522896,serum,/home/s2321661/Test/align/ERR522896/ERR522896_Aligned.sortedByCoord.out.bam
serum1_59,ERR523009,serum,/home/s2321661/Test/align/ERR523009/ERR523009_Aligned.sortedByCoord.out.bam
serum1_6,ERR523165,serum,/home/s2321661/Test/align/ERR523165/ERR523165_Aligned.sortedByCoord.out.bam
serum1_60,ERR522859,serum,/home/s2321661/Test/align/ERR522859/ERR522859_Aligned.sortedByCoord.out.bam
serum1_61,ERR522913,serum,/home/s2321661/Test/align/ERR522913/ERR522913_Aligned.sortedByCoord.out.bam
serum1_62,ERR523010,serum,/home/s2321661/Test/align/ERR523010/ERR523010_Aligned.sortedByCoord.out.bam
serum1_63,ERR523008,serum,/home/s2321661/Test/align/ERR523008/ERR523008_Aligned.sortedByCoord.out.bam
serum1_64,ERR522961,serum,/home/s2321661/Test/align/ERR522961/ERR522961_Aligned.sortedByCoord.out.bam
serum1_65,ERR523164,serum,/home/s2321661/Test/align/ERR523164/ERR523164_Aligned.sortedByCoord.out.bam
serum1_66,ERR522844,serum,/home/s2321661/Test/align/ERR522844/ERR522844_Aligned.sortedByCoord.out.bam
serum1_67,ERR523082,serum,/home/s2321661/Test/align/ERR523082/ERR523082_Aligned.sortedByCoord.out.bam
serum1_68,ERR523145,serum,/home/s2321661/Test/align/ERR523145/ERR523145_Aligned.sortedByCoord.out.bam
serum1_69,ERR522960,serum,/home/s2321661/Test/align/ERR522960/ERR522960_Aligned.sortedByCoord.out.bam
serum1_7,ERR523149,serum,/home/s2321661/Test/align/ERR523149/ERR523149_Aligned.sortedByCoord.out.bam
serum1_70,ERR522875,serum,/home/s2321661/Test/align/ERR522875/ERR522875_Aligned.sortedByCoord.out.bam
serum1_71,ERR522997,serum,/home/s2321661/Test/align/ERR522997/ERR522997_Aligned.sortedByCoord.out.bam
serum1_72,ERR523088,serum,/home/s2321661/Test/align/ERR523088/ERR523088_Aligned.sortedByCoord.out.bam
serum1_73,ERR523150,serum,/home/s2321661/Test/align/ERR523150/ERR523150_Aligned.sortedByCoord.out.bam
serum1_74,ERR522899,serum,/home/s2321661/Test/align/ERR522899/ERR522899_Aligned.sortedByCoord.out.bam
serum1_75,ERR523019,serum,/home/s2321661/Test/align/ERR523019/ERR523019_Aligned.sortedByCoord.out.bam
serum1_76,ERR522843,serum,/home/s2321661/Test/align/ERR522843/ERR522843_Aligned.sortedByCoord.out.bam
serum1_77,ERR523028,serum,/home/s2321661/Test/align/ERR523028/ERR523028_Aligned.sortedByCoord.out.bam
serum1_78,ERR522994,serum,/home/s2321661/Test/align/ERR522994/ERR522994_Aligned.sortedByCoord.out.bam
serum1_79,ERR522887,serum,/home/s2321661/Test/align/ERR522887/ERR522887_Aligned.sortedByCoord.out.bam
serum1_8,ERR522910,serum,/home/s2321661/Test/align/ERR522910/ERR522910_Aligned.sortedByCoord.out.bam
serum1_80,ERR523205,serum,/home/s2321661/Test/align/ERR523205/ERR523205_Aligned.sortedByCoord.out.bam
serum1_81,ERR523144,serum,/home/s2321661/Test/align/ERR523144/ERR523144_Aligned.sortedByCoord.out.bam
serum1_82,ERR522965,serum,/home/s2321661/Test/align/ERR522965/ERR522965_Aligned.sortedByCoord.out.bam
serum1_83,ERR522866,serum,/home/s2321661/Test/align/ERR522866/ERR522866_Aligned.sortedByCoord.out.bam
serum1_84,ERR522940,serum,/home/s2321661/Test/align/ERR522940/ERR522940_Aligned.sortedByCoord.out.bam
serum1_85,ERR522944,serum,/home/s2321661/Test/align/ERR522944/ERR522944_Aligned.sortedByCoord.out.bam
serum1_86,ERR523157,serum,/home/s2321661/Test/align/ERR523157/ERR523157_Aligned.sortedByCoord.out.bam
serum1_87,ERR522872,serum,/home/s2321661/Test/align/ERR522872/ERR522872_Aligned.sortedByCoord.out.bam
serum1_88,ERR522822,serum,/home/s2321661/Test/align/ERR522822/ERR522822_Aligned.sortedByCoord.out.bam
serum1_89,ERR523176,serum,/home/s2321661/Test/align/ERR523176/ERR523176_Aligned.sortedByCoord.out.bam
serum1_9,ERR523184,serum,/home/s2321661/Test/align/ERR523184/ERR523184_Aligned.sortedByCoord.out.bam
serum1_90,ERR522996,serum,/home/s2321661/Test/align/ERR522996/ERR522996_Aligned.sortedByCoord.out.bam
serum1_91,ERR523159,serum,/home/s2321661/Test/align/ERR523159/ERR523159_Aligned.sortedByCoord.out.bam
serum1_92,ERR523061,serum,/home/s2321661/Test/align/ERR523061/ERR523061_Aligned.sortedByCoord.out.bam
serum1_93,ERR522979,serum,/home/s2321661/Test/align/ERR522979/ERR522979_Aligned.sortedByCoord.out.bam
serum1_94,ERR523091,serum,/home/s2321661/Test/align/ERR523091/ERR523091_Aligned.sortedByCoord.out.bam
serum1_95,ERR522821,serum,/home/s2321661/Test/align/ERR522821/ERR522821_Aligned.sortedByCoord.out.bam
serum1_96,ERR523168,serum,/home/s2321661/Test/align/ERR523168/ERR523168_Aligned.sortedByCoord.out.bam
serum2_1,ERR523127,serum,/home/s2321661/Test/align/ERR523127/ERR523127_Aligned.sortedByCoord.out.bam
serum2_10,ERR522963,serum,/home/s2321661/Test/align/ERR522963/ERR522963_Aligned.sortedByCoord.out.bam
serum2_11,ERR523000,serum,/home/s2321661/Test/align/ERR523000/ERR523000_Aligned.sortedByCoord.out.bam
serum2_12,ERR522917,serum,/home/s2321661/Test/align/ERR522917/ERR522917_Aligned.sortedByCoord.out.bam
serum2_13,ERR522918,serum,/home/s2321661/Test/align/ERR522918/ERR522918_Aligned.sortedByCoord.out.bam
serum2_14,ERR523089,serum,/home/s2321661/Test/align/ERR523089/ERR523089_Aligned.sortedByCoord.out.bam
serum2_15,ERR522912,serum,/home/s2321661/Test/align/ERR522912/ERR522912_Aligned.sortedByCoord.out.bam
serum2_16,ERR523104,serum,/home/s2321661/Test/align/ERR523104/ERR523104_Aligned.sortedByCoord.out.bam
serum2_17,ERR522884,serum,/home/s2321661/Test/align/ERR522884/ERR522884_Aligned.sortedByCoord.out.bam
serum2_18,ERR523032,serum,/home/s2321661/Test/align/ERR523032/ERR523032_Aligned.sortedByCoord.out.bam
serum2_19,ERR523121,serum,/home/s2321661/Test/align/ERR523121/ERR523121_Aligned.sortedByCoord.out.bam
serum2_2,ERR523077,serum,/home/s2321661/Test/align/ERR523077/ERR523077_Aligned.sortedByCoord.out.bam
serum2_20,ERR523140,serum,/home/s2321661/Test/align/ERR523140/ERR523140_Aligned.sortedByCoord.out.bam
serum2_21,ERR523132,serum,/home/s2321661/Test/align/ERR523132/ERR523132_Aligned.sortedByCoord.out.bam
serum2_22,ERR523017,serum,/home/s2321661/Test/align/ERR523017/ERR523017_Aligned.sortedByCoord.out.bam
serum2_23,ERR523167,serum,/home/s2321661/Test/align/ERR523167/ERR523167_Aligned.sortedByCoord.out.bam
serum2_24,ERR523075,serum,/home/s2321661/Test/align/ERR523075/ERR523075_Aligned.sortedByCoord.out.bam
serum2_25,ERR522939,serum,/home/s2321661/Test/align/ERR522939/ERR522939_Aligned.sortedByCoord.out.bam
serum2_26,ERR522863,serum,/home/s2321661/Test/align/ERR522863/ERR522863_Aligned.sortedByCoord.out.bam
serum2_27,ERR522989,serum,/home/s2321661/Test/align/ERR522989/ERR522989_Aligned.sortedByCoord.out.bam
serum2_28,ERR522991,serum,/home/s2321661/Test/align/ERR522991/ERR522991_Aligned.sortedByCoord.out.bam
serum2_29,ERR523112,serum,/home/s2321661/Test/align/ERR523112/ERR523112_Aligned.sortedByCoord.out.bam
serum2_3,ERR523001,serum,/home/s2321661/Test/align/ERR523001/ERR523001_Aligned.sortedByCoord.out.bam
serum2_30,ERR522857,serum,/home/s2321661/Test/align/ERR522857/ERR522857_Aligned.sortedByCoord.out.bam
serum2_31,ERR523155,serum,/home/s2321661/Test/align/ERR523155/ERR523155_Aligned.sortedByCoord.out.bam
serum2_32,ERR523141,serum,/home/s2321661/Test/align/ERR523141/ERR523141_Aligned.sortedByCoord.out.bam
serum2_33,ERR523107,serum,/home/s2321661/Test/align/ERR523107/ERR523107_Aligned.sortedByCoord.out.bam
serum2_34,ERR522824,serum,/home/s2321661/Test/align/ERR522824/ERR522824_Aligned.sortedByCoord.out.bam
serum2_35,ERR523002,serum,/home/s2321661/Test/align/ERR523002/ERR523002_Aligned.sortedByCoord.out.bam
serum2_36,ERR522831,serum,/home/s2321661/Test/align/ERR522831/ERR522831_Aligned.sortedByCoord.out.bam
serum2_37,ERR522841,serum,/home/s2321661/Test/align/ERR522841/ERR522841_Aligned.sortedByCoord.out.bam
serum2_38,ERR522992,serum,/home/s2321661/Test/align/ERR522992/ERR522992_Aligned.sortedByCoord.out.bam
serum2_39,ERR523170,serum,/home/s2321661/Test/align/ERR523170/ERR523170_Aligned.sortedByCoord.out.bam
serum2_4,ERR522937,serum,/home/s2321661/Test/align/ERR522937/ERR522937_Aligned.sortedByCoord.out.bam
serum2_40,ERR523191,serum,/home/s2321661/Test/align/ERR523191/ERR523191_Aligned.sortedByCoord.out.bam
serum2_41,ERR523114,serum,/home/s2321661/Test/align/ERR523114/ERR523114_Aligned.sortedByCoord.out.bam
serum2_42,ERR522922,serum,/home/s2321661/Test/align/ERR522922/ERR522922_Aligned.sortedByCoord.out.bam
serum2_43,ERR522925,serum,/home/s2321661/Test/align/ERR522925/ERR522925_Aligned.sortedByCoord.out.bam
serum2_44,ERR523087,serum,/home/s2321661/Test/align/ERR523087/ERR523087_Aligned.sortedByCoord.out.bam
serum2_45,ERR522870,serum,/home/s2321661/Test/align/ERR522870/ERR522870_Aligned.sortedByCoord.out.bam
serum2_46,ERR522838,serum,/home/s2321661/Test/align/ERR522838/ERR522838_Aligned.sortedByCoord.out.bam
serum2_47,ERR522949,serum,/home/s2321661/Test/align/ERR522949/ERR522949_Aligned.sortedByCoord.out.bam
serum2_48,ERR523004,serum,/home/s2321661/Test/align/ERR523004/ERR523004_Aligned.sortedByCoord.out.bam
serum2_49,ERR523026,serum,/home/s2321661/Test/align/ERR523026/ERR523026_Aligned.sortedByCoord.out.bam
serum2_5,ERR522927,serum,/home/s2321661/Test/align/ERR522927/ERR522927_Aligned.sortedByCoord.out.bam
serum2_50,ERR523070,serum,/home/s2321661/Test/align/ERR523070/ERR523070_Aligned.sortedByCoord.out.bam
serum2_51,ERR522957,serum,/home/s2321661/Test/align/ERR522957/ERR522957_Aligned.sortedByCoord.out.bam
serum2_52,ERR522849,serum,/home/s2321661/Test/align/ERR522849/ERR522849_Aligned.sortedByCoord.out.bam
serum2_53,ERR523186,serum,/home/s2321661/Test/align/ERR523186/ERR523186_Aligned.sortedByCoord.out.bam
serum2_54,ERR522834,serum,/home/s2321661/Test/align/ERR522834/ERR522834_Aligned.sortedByCoord.out.bam
serum2_55,ERR522858,serum,/home/s2321661/Test/align/ERR522858/ERR522858_Aligned.sortedByCoord.out.bam
serum2_56,ERR523036,serum,/home/s2321661/Test/align/ERR523036/ERR523036_Aligned.sortedByCoord.out.bam
serum2_57,ERR523062,serum,/home/s2321661/Test/align/ERR523062/ERR523062_Aligned.sortedByCoord.out.bam
serum2_58,ERR522879,serum,/home/s2321661/Test/align/ERR522879/ERR522879_Aligned.sortedByCoord.out.bam
serum2_59,ERR522938,serum,/home/s2321661/Test/align/ERR522938/ERR522938_Aligned.sortedByCoord.out.bam
serum2_6,ERR523050,serum,/home/s2321661/Test/align/ERR523050/ERR523050_Aligned.sortedByCoord.out.bam
serum2_60,ERR523183,serum,/home/s2321661/Test/align/ERR523183/ERR523183_Aligned.sortedByCoord.out.bam
serum2_61,ERR523076,serum,/home/s2321661/Test/align/ERR523076/ERR523076_Aligned.sortedByCoord.out.bam
serum2_62,ERR523181,serum,/home/s2321661/Test/align/ERR523181/ERR523181_Aligned.sortedByCoord.out.bam
serum2_63,ERR522962,serum,/home/s2321661/Test/align/ERR522962/ERR522962_Aligned.sortedByCoord.out.bam
serum2_64,ERR523024,serum,/home/s2321661/Test/align/ERR523024/ERR523024_Aligned.sortedByCoord.out.bam
serum2_65,ERR523105,serum,/home/s2321661/Test/align/ERR523105/ERR523105_Aligned.sortedByCoord.out.bam
serum2_66,ERR523109,serum,/home/s2321661/Test/align/ERR523109/ERR523109_Aligned.sortedByCoord.out.bam
serum2_67,ERR522888,serum,/home/s2321661/Test/align/ERR522888/ERR522888_Aligned.sortedByCoord.out.bam
serum2_68,ERR523179,serum,/home/s2321661/Test/align/ERR523179/ERR523179_Aligned.sortedByCoord.out.bam
serum2_69,ERR522851,serum,/home/s2321661/Test/align/ERR522851/ERR522851_Aligned.sortedByCoord.out.bam
serum2_7,ERR522886,serum,/home/s2321661/Test/align/ERR522886/ERR522886_Aligned.sortedByCoord.out.bam
serum2_70,ERR523116,serum,/home/s2321661/Test/align/ERR523116/ERR523116_Aligned.sortedByCoord.out.bam
serum2_71,ERR523156,serum,/home/s2321661/Test/align/ERR523156/ERR523156_Aligned.sortedByCoord.out.bam
serum2_72,ERR523094,serum,/home/s2321661/Test/align/ERR523094/ERR523094_Aligned.sortedByCoord.out.bam
serum2_73,ERR522987,serum,/home/s2321661/Test/align/ERR522987/ERR522987_Aligned.sortedByCoord.out.bam
serum2_74,ERR522852,serum,/home/s2321661/Test/align/ERR522852/ERR522852_Aligned.sortedByCoord.out.bam
serum2_75,ERR522974,serum,/home/s2321661/Test/align/ERR522974/ERR522974_Aligned.sortedByCoord.out.bam
serum2_76,ERR522825,serum,/home/s2321661/Test/align/ERR522825/ERR522825_Aligned.sortedByCoord.out.bam
serum2_77,ERR522842,serum,/home/s2321661/Test/align/ERR522842/ERR522842_Aligned.sortedByCoord.out.bam
serum2_78,ERR522907,serum,/home/s2321661/Test/align/ERR522907/ERR522907_Aligned.sortedByCoord.out.bam
serum2_79,ERR522889,serum,/home/s2321661/Test/align/ERR522889/ERR522889_Aligned.sortedByCoord.out.bam
serum2_8,ERR523106,serum,/home/s2321661/Test/align/ERR523106/ERR523106_Aligned.sortedByCoord.out.bam
serum2_80,ERR523039,serum,/home/s2321661/Test/align/ERR523039/ERR523039_Aligned.sortedByCoord.out.bam
serum2_81,ERR523202,serum,/home/s2321661/Test/align/ERR523202/ERR523202_Aligned.sortedByCoord.out.bam
serum2_82,ERR523081,serum,/home/s2321661/Test/align/ERR523081/ERR523081_Aligned.sortedByCoord.out.bam
serum2_83,ERR522862,serum,/home/s2321661/Test/align/ERR522862/ERR522862_Aligned.sortedByCoord.out.bam
serum2_84,ERR523011,serum,/home/s2321661/Test/align/ERR523011/ERR523011_Aligned.sortedByCoord.out.bam
serum2_85,ERR523119,serum,/home/s2321661/Test/align/ERR523119/ERR523119_Aligned.sortedByCoord.out.bam
serum2_86,ERR522966,serum,/home/s2321661/Test/align/ERR522966/ERR522966_Aligned.sortedByCoord.out.bam
serum2_87,ERR523161,serum,/home/s2321661/Test/align/ERR523161/ERR523161_Aligned.sortedByCoord.out.bam
serum2_88,ERR522820,serum,/home/s2321661/Test/align/ERR522820/ERR522820_Aligned.sortedByCoord.out.bam
serum2_89,ERR522833,serum,/home/s2321661/Test/align/ERR522833/ERR522833_Aligned.sortedByCoord.out.bam
serum2_9,ERR523154,serum,/home/s2321661/Test/align/ERR523154/ERR523154_Aligned.sortedByCoord.out.bam
serum2_90,ERR522882,serum,/home/s2321661/Test/align/ERR522882/ERR522882_Aligned.sortedByCoord.out.bam
serum2_91,ERR522911,serum,/home/s2321661/Test/align/ERR522911/ERR522911_Aligned.sortedByCoord.out.bam
serum2_92,ERR523056,serum,/home/s2321661/Test/align/ERR523056/ERR523056_Aligned.sortedByCoord.out.bam
serum2_93,ERR522853,serum,/home/s2321661/Test/align/ERR522853/ERR522853_Aligned.sortedByCoord.out.bam
serum2_94,ERR522873,serum,/home/s2321661/Test/align/ERR522873/ERR522873_Aligned.sortedByCoord.out.bam
serum2_95,ERR523102,serum,/home/s2321661/Test/align/ERR523102/ERR523102_Aligned.sortedByCoord.out.bam
serum2_96,ERR523123,serum,/home/s2321661/Test/align/ERR523123/ERR523123_Aligned.sortedByCoord.out.bam
